text,target
dogs rescued from puerto rico after hurricane maria are being adopted #tech #technology,1
"photos of california' destructive wildfires, via",1
all profits go for harvey relief #djkinect #djlife #thoushaltturnithupith #gymgirls #gymlife,0
tornado warning until :15 pm #dfb #irma2017,1
irma update: $. billion insured losses #swfr #irma,1
images from irma as it storms through florida &amp; the caribbean,1
watch out for fake charity scams relating to #hurricanes! #harvey #irma #scamalert,1
discussing how our families dealt /hurricane irma #pbcproud #pbcirma,1
us warned of dangerous hurricane maria swells,1
kim kardashian is bringing awareness to the need for earthquake relief efforts in mexico!,0
"puerto rico needs ceo to speed up relief efforts, politicians say #newyorkcity #nyc",1
mexico need help ! big earthquake destroy so much !,1
displaced pets from hurricane harvey and now irma need our help,1
evidence of spills at #houston toxic site during #harvey floods,1
#california #wildfire north of #yosemite today.,1
clarkson students showing care and concern for the victims of hurricane harvey. #mygcs,1
sodom // gimme mora realness at #preach last night #bodyisatemple #burnitdown,0
back-to-back storms take toll on florida gas prices #irma #harvey #fuels #cstore,1
"navy helicopters ready to help with rescue efforts in beaumont, tx in wake of #harvey",1
epa received reports of spills at toxic waste site during flooding from harvey,1
helping people affected by irma,1
"local church helps flood victims, one bucket at time #harvey",1
thousands still without running water in puerto rico (miami herald),1
metop- infrared image + ir mb curve image of hurricane #maria captured ~ hours ago (21 sep/0155z),1
"#oil #refinery fire in #elsegundo, #california right now...",1
"aftermath of earthquake in iran, iraq (photos, video) #breakingnews",1
photos: national guard members respond to hurricane maria:,1
an infrared view of hurricane #maria slowly slipping northward (noaa-19 avhrr 23 sep/0822z. ~ hour ago),1
#cbp is ready!! #puertorico &amp; #usvi please prepare for #hurricanemaria.,1
love mora,0
visiting family in puerto rico amid devastationnearly three... #news #newsphotos #worldnews,1
puerto rico getting ready !!!,0
house advances #harvey relief bill #thesift,1
california fire chief among those who lost home in wine country wildfires,1
go to and grab shirt to support people affected by the northern california wildfires . fe,1
thanks to for supporting florida residents during and after #irma.,1
rescue dog #frida saving lives in mexico. #over50 #mexicoearthquake,1
#harvey to move on average . mph over the next five days. flooding will last for days. #txwx,1
#irma nfl : .jaboowins + mikeevans13_ wowwwwwwwwwwwww #bucs #chivstb (via twitter,0
helping virgin island victims of #hurricanemaria with &amp; shamika for .,1
photos: aftermath of hurricane harvey,1
major flooding on st. thomas #hurricanemaria #usvi #virginislands,1
helping distribute irma supplies.,1
11pm hurricane center forecast keeps #maria off the nc coast. still need to watch carefully through early next week.,1
irma knocked lot of trees down on powerlines.'ve not had power for week.,1
#floodsl please help flood victims of #srilanka,1
now: in #tampa thanking law enforcement &amp; first responders for their efforts during #irma.,1
this is heartbreaking #hurricanemaria #dominica,0
aftermath #irma #coconutgrove #miami,0
latest #puertrico &amp; #usvi hurricane #maria response infogfx from fema,1
hurricane maria warning: us told to brace itself after storm wreaks havoc on puertorico,1
#us #wx #news/ cat2 #hurricane #maria 21/1500z update from nhc and others,0
flood relief. #floodsl #rosysenanayake #srilanka #lka,1
please join us in prayer for first responders and those impacted by #hurricaneharvey,1
"cyclone mora hits bangladesh, destroys refugee homes | news | dw | 30.05.2017",1
alvaro morata' united is drawing closer after his wife latest post on instagram. #manutd,0
house lawmakers to vote on $. billion harvey bill -,0
lessons from katrina for family businesses surviving irma &amp; harvey.,1
bangladesh: rohingya refugees suffer after-effects of cyclone mora,1
likely tornado - umatilla...,1
industries raising money for #harvey victims #watchcbs19,1
puerto rico needs help,0
#irma nfl : tbbuccaneers: gameday! #chivstb (via twitter,0
how to help hurricane maria victims donationsvolunteer,1
pakistan navy helping people in flood stricken sri lanka,1
hurricane irma knocked out our power for over week at office. finially made it back.,1
irma damage in hardee county.,1
"california wildfires hit wine country, burning hotels and threatening vineyards",1
poor beautiful #puertorico! so much damage. #hurricanemaria #requestshelp from ..,1
mark strassman reports on the unrelenting wrath of hurricane harvey,1
devastated scenes after #hurricanemaria,1
preliminary estimates show the combined costs of #harvey &amp; #irma could exceed those of katrina ($160 billion),1
our crew returned from fl today after working hand-in-hand to cleanup #irma debris in,1
ten ways to help puerto rico,1
photo from sri-lanka where pakistan navy conducted relief operations after flood,1
hurricane maria winding up for another blow to the caribbean #donaldtrump #irma,1
"osborn ci, / ortiz, dw rodriguez and staff providing aid to #hurricanemaria victims #puertoriconeedshelpnow",1
mshs students!!!!!!! hurricane harvey donation drive!!!!!!!! ( &amp; share)!!!,1
after #irma comes through...,0
"elementary students jump into action to help teachers, staff affected by harvey #kprc2",1
"#irma aftermath includes cleanups, curfews and closures. via nbc miami",1
at least 17 people have now died in huge wildfires across california #capitalreports,1
volunteers from mexico city go into effect to assist earthquake victims #breaking112,1
"as crews gain ground, california fire victims return home",1
#puertorico has been obliterated by #hurricanemaria it looks like they experienced #nuclearwar #nukes,1
mora chocolate sugar scrub. soon! #stillberaya #stillatperak,0
#hurricanemaria is still active... #climatechange via,1
575757 help rebuild puerto rico' sustainable farming after hurricane maria 575757,1
(metro):#kim kardashian-west donating proceeds from #vogue mexico cover to earthquake..,1
the wrath of hurricane harvey - cbs news #lzomedia #development #freelance #developer,1
"tampa news hardee county openings, closures after hurricane irma",1
"irma and harvey: very different storms, but both affected by climate change",1
hurricane maria leaves trail of devastation,1
relief and gratefulness after hurricane irma,1
the worst case scenario for hurricane irma looks likely.,1
hey how about frida? she' rescue dog that saved 52 lives after mexico' earthquake,1
"big flooding in rosenberg, tx. #harvey (:",1
we need everyone' help please !!!! #hurricanemaria,1
.. oil and gas take big hit following harvey,1
new classes &amp; harvey benefit dance... #southernstarballroom #cheaperthantherapy #lovedancing,0
scam alert irma / harvey avoid hurricane clean-up scams. via,1
learning from hurricane irma &amp; harvey climate change preparedness part,1
two-person energy firm' $300 million puerto rico contract raises eyebrows #usrc #usrc,0
military efforts to get puerto rico back on the grid #newyorkcity #nyc,1
texas faces floods after hurricane harvey wreaks havoc,1
"tropical storm #maria continues to churn off the east coast, near nc. expect to move ne over the next few days.",1
hurricane harvey and humanselflessness,1
alvaro morata father hints on manchester united transfer. #manutd #manutdmania #sport,0
deepest condolences to families of people were killed in #iran #iraq #earthquake. #cyrusbalarak,0
help save california from the wildfires by going to and donating.,0
local church sending relief to harvey victims,1
deputies confirm tornado touched down in umatilla,1
vineyard owners share stories of loss and salvation amid wine country wildfires,1
mexico earthquake fundraiser,1
nasa satellites monitor california' blazing wildfires from space #nasalies,1
"first harvey and now irma, this sure is twisted pair of storms.",1
#money #irma business bull market loses this particular wind at its back via gadfly,0
am so fuckin proud to be texan right now ! #harvey #texasstrong,0
volunteer with us tomorrow from -8pm as we assemble care packs. more info available here:,1
thanks for support puerto rico 57 #prstrong god bless jea a8,0
impacts from hurricane maria,0
initial pharmaceutical and drug industry impacts of hurricane maria,1
hurricane irma leaves trail of devastation across caribbean #propornot,1
in pictures: aftermath of . #earthquake that struck iran-iraq border,1
mn high school spring parade of champions 2016-17 boys track &amp; field class 4x800 mora,0
"earthquake in iran, quit and others..",1
"thank you from caguas, puerto rico!! #prstrong",0
latest numbers emerging from earthquake that hit #iran &amp; #iraq - 211 dead &amp; 2504 injured in iran,1
pray with us for those affected by hurricanes harvey &amp; irma. there is still much restoration to be done. pray here,1
hurricane irma' trail of havoc in sint-maarten,1
mexico city volunteers venture out in force to aid quake victims #socialmedia,1
dogs rescued after hurricane maria are available to adopt in new york by #mental_floss,1
visiting family in puerto rico amid devastation via,1
"iran-iraq border earthquake latest: - at least 211 killed - over ,500 injured",1
houston' local businesses pitch in as harvey' flooding wreaks havoc,1
#icymi: local agencies band together to collect donations for #harvey victims #wbbj,1
. &amp; handing out red cross supplies in puerto rico,1
loss and heartbreak after harvey,0
stop playing golf...sit your fat ass (well....it is) down and figure out way to help puerto rico.,0
here is the 11 pm advisory for hurricane #irma. #firstalertwx,1
hurricane harvey wreckage photos: residents face long recovery,1
irma is such !,0
desperate search for survivors after powerful earthquake in mexico,1
trump leading the relief effort in puerto rico.,1
harvey and irma arent natural disasters. theyre climate changedisasters.,1
we need your help. /thread #thread #hurricanemaria #puertoricorelief,1
fire crews sent to assist with california wildfires now safely back home,1
hurricane maria relief fundraiser,1
#happeningnow #puertorico virtually without power or cell service after hurricane #maria,1
hurricane maria' turbulent wake leaves behind an island ofopportunity,1
so much to process when people are still in recovery mode from harvey!! heartbreaking!! praying!!,1
helping to pack personal-care kits at warehouse. those gallon ziploc bags hold lot! #harvey,1
volunteer event at island harvest! #t1191 packing for puerto rico! #worksomewhereyou,1
cut puerto rico loose. wallow in your deliberate fiscal hell.,0
"tweet from: realdonaldtrump, via: twitter for iphone",0
mexico earthquake: rescuers scramble to save victims,1
today you have the chance to support #mexicoearthquake victims with retweet,1
. launches fundraising campaign for mexico earthquake victims,1
massive earthquake hits mexico,1
sobering reportage from #usvirginislands #stcroix #usvi #virginislands #stx,0
period &amp; donating supplies for puerto rico 57,1
"mora impact: port city sees heavy rain, waterlogging #tisnews click link-",1
who' irma?,0
"harvey could cost up to $190 billion; irma up to $100 billion. the losses are staggering, with maria on the way.",1
tracking hurricane maria' path,0
national guard helps out residents of .. virgin islands after hurricane maria -,1
volunteers at #df17 packing school materials and hygiene products that will go to puerto rico! #solvis,1
now that hurricane irma is officially over,1
#harvey and #irma take huge bite out of the .. economy.,1
&amp; donation for #hurricane #irma donate here :,1
tracking hurricane irma,1
. provides an update on gas prices after #irma and #harvey.,1
california is on fire awhile trump again says nothing..,0
irma hits the caribbean in pictures,1
california wildfires caused over $ billion in insured losses -,1
#hurricanemaria here is our racist president during hurricane harvey..! enjoy libtatds....,1
lovin with harvey 466,0
#hurricane #maria unleashes devastation in #puertorico; . million without power,1
at least more days of catastrophic flooding to go here. #harvey,1
hurricane maria to become major storm near caribbean islands watch now,1
amazing! family dog emerges alive amid california wildfire aftermath,0
mexico reels following devastating earthquake,1
over 230 killed after tuesday' earthquake in mexico #amlive #sabcnews,1
vdof crews are happy to be helping on the ground in tx! #harvey,1
israel offers aid to iran following massive earthquake #freedomfamily #beshoyboy2,1
powerful earthquake slams into mexico city,1
first harvey and now irma; relentless storms strain rescue workers,1
#incgiving volunteers from #miami delivering supplies to for #irma!,1
some humor from harvey,0
"scarlett johansson organized special, star-studded benefit to help puerto rico",1
by antonio mora. more #fotos on:,0
stay safe to those facing hurricane irma,1
family reunited as dog survives california wildfire:,1
"california wildfires threatening state' wine, tourism industries #usa #vacation #travel",1
help hurricane #irma &amp; #harvey victims shop #v2cigs sept. 18-24 and we'll donate $ per or,1
#keywestfl after #irma,1
mexico: earthquake death toll at 273 and climbing #mexicoquake,1
"irma knocked us down, but not out. were back, and were working! #floridalife",1
"if you need help with your hurricane preparedness, please go to #irma",1
unprecedented flooding here in #leaguecity #harvey. some have water in home. :(,1
local animal shelter seeking help after irma,1
much of puerto rico has no running water and the problem is not just cleanliness,1
irma couldn' come at worse time for virgin islands,1
#caribbean hurricane season after #irma now tropical storm #maria forms. already suffering must spared by mother,1
lol am bedder than harvey,0
scarlet johansson &amp;amp; avengers mates slate puerto rico benefit | deadline,0
hurricane harvey relief supply drive...and efforts towards irma.,0
property lost to california wildfires exceeds $1b,1
"tweet from: potus, via: twitter for iphone",0
ummmm lol harvey norman have online,1
$300mn electricity deal between us energy company &amp; puerto rico agency under fire,1
great to be back on campus after hurricane irma!,1
track the storm: follow maria' path,1
#startup elon musk: tesla can help fix puerto rico' ruined electrical grid #elonmusk,1
"so the state of california is pretty much on fire. your move, pres. trump.",0
"students wearing ""hats for harvey"" raise funds for in houston, tx today!",1
17 now known to be dead in california wildfires #heartnews,1
"family evacuated during #irma flooding, we talk to them at !",1
israel is sending aid to earthquake victims in iran and iraq,1
4x800' congratulating state champ mora #sportsmenship,0
tornado warning now #hurricaneirma2017 southwest florida,1
trump actively participating in #hurricaneharvey rescue efforts. #nowthatsapresident,1
"massive #earthquake struck #mexico yesterday. if you're interested to help, please contact me.",1
it' not just wine country: california wildfires have hit cannabis growers hard,1
saving puerto rico with seeds | | #environment,0
"hurricane maria expected to become major storm, nears caribbean still cleaning up from",1
in the wake of cyclone mora #tisnews click link-,1
#art - tree of life bildinsperation antonio mora,0
#money #irma business american consumers are pretty bullish on the .. stock market,0
keep alert and stay informed. #hurricanemaria,1
#hurricanemaria #puertoricorelief #trump #maga (so his followers can see this),1
can elon musk fix puerto rico' broken power grid? via #socialmedia #mlm,0
"students back to work in safe, cool and well fed environment after #irma",1
my mora mora,0
taking irma by storm,1
we need your help. pray. give. serve. #hurricaneharvey,1
tragedy.....earthquake in iran,1
"[author: jason-duaine-hahn] mexico was hit by devastating . earthquake on tuesday, ...",1
many fear damage from harvey is just beginning,1
the effects of harvey...,1
you can help today and you can help often please retweet #mexicoearthquake,1
hurricane harvey' deadliest threat is just beginning -,1
photo gallery: california wildfires leave devastation:,1
very well done #texasstrong #harvey,0
pm track and update for hurricane irma. #flwx #gawx #jaxwx,1
relief for harvey! filling up trucks and giving out supplies to people in need,1
trending tuesday /19: mexico city endures . earthquake.,1
our deepest condolence for the victims of #earthquake - team #iran #iraq,1
from #sciencenow - wildfires running amok in california #nasa #wildfires,1
california wildfires devastating effect on marijuana industry -,1
entrepreneurs are being called upon to aid houston post #harvey,1
state: insurance losses post-irma near $ billion via #flapol,1
'catastrophic flooding' to hit texas after harvey,1
mexico hit with an earthquake aftershock of . magnitude,1
hurricane harvey stress and stress reliever.,0
