id,keyword,location,text,target
1763,buildings%20burning,"Dublin City, Ireland",@RockBottomRadFM Is one of the challenges on Tough Enough rescuing people from burning buildings?,0
10045,twister,,TWISTER DANCE Game  Dance Console Instructions Cable 5 Pre Loaded Songs http://t.co/BcsXyEc4ji http://t.co/DfXI76kvX0,0
9278,sunk,NYC,&lt;&lt; his lip as he sunk into the bed his arms crossed behind his head as he watched his Captain do a number on his body. @ResoluteShield,0
7617,pandemonium,"Durham, NC",Element of Freedom at Mirage Saturday! 21+ Ladies Free Before Midnight!' http://t.co/7hAnPcr5rK,0
56,ablaze,,Barbados #Bridgetown JAMAICA ÛÒ Two cars set ablaze: SANTA CRUZ ÛÓ Head of the St Elizabeth Police Superintende...  http://t.co/wDUEaj8Q4J,1
7332,nuclear%20reactor,"Denver, CO",A little filming inside a Nuclear Reactor at #Chernobyl @SonyProUSA @LumixUSA @DJIGlobal @ProfBrianCox @RT_America https://t.co/2GLjhvEAD9,0
2492,collided,,San Antonio Stars head coach Dan Hughes was just carted to the locker room after one of his guards collided with... http://t.co/4dbhOnO3Rk,0
6954,massacre,Vancouver Canada,@AnimalLogic LOTG smoothed out once blue bird and moth were caught and let go. Chalked up mouse massacre to a subtle Disney diss.,0
3879,detonation,New York,Detonation fashionable mountaineering electronic watch water-resistant couples leisure tabÛ_ http://t.co/7dYOgLhMRe http://t.co/HKm3rtD4ZF,1
10473,wild%20fires,"London, UK",@randerson62 Watching news of wild fires and hope all is ok.,1
3265,demolish,,Demolish-deep space etoffe charmeuse clothesless precisionistic vestment: psfdA,0
8741,sinking,Coventry,Do you feel like you are sinking in unhappiness? Take the quiz: http://t.co/t0c1F2lEdv http://t.co/u0MeXO4Uhh,0
3537,derailment,"Chicago, IL",PHOTOS: Green Line derailment near Cottage Grove and Garfield: http://t.co/4d9Cd4mnVh http://t.co/UNhqCQ6Bex,1
2670,crush,GLOBAL,Had a minute alone with my crush??...it was an overrated experience...smh,0
132,accident,,???? it was an accident http://t.co/Oia5fxi4gM,0
4507,emergency,New York,Survival Kit Whistle Fire Starter Wire Saw Cree Torch Emergency Blanket S knife  - Full reÛ_ http://t.co/2OroYUNYM2 http://t.co/C9JnXz3DXC,0
4519,emergency,,STL Ace Grille - Surface Mounts SpeedTech Lights - Amber Emergency Lights - 544 http://t.co/t6Seku4yvm http://t.co/TJOZ4u4txl,0
2466,collided,,Monsoon flooding - Monsoon rains have have hit India Pakistan and Myanmar hard this season. Two trains collided ... http://t.co/A7zF6N7vrL,1
9686,tornado,"Dindigul,TamilNadu.","@kunalkapoor Photo of the Day: Storm
Chaser
http://t.co/4WJy7seHmw
#photography #pod",1
9765,trapped,10 Steps Ahead.  Cloud 9,Bomb head? Explosive decisions dat produced more dead children than dead bodies trapped tween buildings on that day in September there,1
9149,suicide%20bomber,Helsinki,Islamic State claims suicide bombing at Saudi Arabian mosque: Ten members of emergency service... http://t.co/mpOaEFQl6k via @josephjett,1
8935,snowstorm,In the spirit world,Photo: mothernaturenetwork: What is thundersnow? Hearing thunder during a snowstorm is extremely uncommon.... http://t.co/eYdAPauPvG,1
2051,casualties,"Absecon, NJ",#Civilian casualties in Afghanistan hit highest number since 2009 U.N. says via @WashingtonPost - http://t.co/xTF5DvgRvh,1
1597,bombed,,Photo bombed ???? http://t.co/arTUMHmBhh,0
5689,floods,Philippines,PAGASA 7:12am: YELLOW warning - Panay Island Guimaras Negros. Possible floods in low-lying areas &amp; landslides in mountainous areas.,1
6792,lightning,"Holland MI via Houston, CLE",Corey Robinson having some solid reps at RT although as I type this he got beat on lightning dip by T. Walker,0
7024,mayhem,Boston/Montreal ,@RaynbowAffair Editor In Chief @DiamondKesawn Releases Issue #7 http://t.co/RPnEAJ6fOD of #RAmag. #Fashion #Models and #Mayhem,0
1241,blood,,@SetZorah dad why dont you claim me that mean that not right we look the same same eyes same blood same xbox 360 SMH -.-,0
2348,collapse,"Pompano Beach, FL",Growth dries up for BHP Billiton as oil price collapse bites http://t.co/HQoD6v6DnC,0
6543,injury,"Sacramento, CA",Traffic Collision - No Injury: I5 S at I5 S 43rd Ave offramp South Sac http://t.co/cT9ejXoLpu,1
2792,curfew,"Adelaide, Australia",INFO U. CLD: SCT012 BKN025. EXP INST APCH. RWY 05. CURFEW IN OPER UNTIL 2030 Z. TAXIWAYS FOXTROT 5 &amp; FOXTROT 6 NAVBL. TMP: 10. WND: 030/6.,0
8079,rescue,USA,"Lunch for the crew is made. Night night it's been a long day! 
~Peace~Love~Rescue~",0
6629,inundated,United States,#tech Data Overload: The Growing Demand for Context and Structure: In a world inundated with information... http://t.co/s0ctCQJvjX #news,0
4571,emergency%20plan,Calgary,Hello Calgary!! Important news!! Please be advised!!! http://t.co/ARKTJ9Qn4S,1
10149,upheaval,,The Great Upheaval By Winik Jay http://t.co/Ef4swP9SXZ http://t.co/Nb7MAAAOfs,0
5286,fear,,@shakjn @C7 @Magnums im shaking in fear he's gonna hack the planet,0
5119,fatal,Nakhon Si Thammarat,Investigators shift focus to cause of fatal Waimate fire http://t.co/c9dVDsSoFn,1
7459,obliteration,Maryland,@AuntieDote @RioSlade @Locke_Wiggins @akarb74 Not if one side is set on obliteration of govt and the other on fixing it. That's too far,0
513,army,Studio,But if you build an army of 100 dogs and their leader is a lion all dogs will fight like a lion.,1
10340,weapons,"Ely, Cambridgeshire",Incredulous at continued outcry of welfare being a waste of taxpayers money but never similar objection to å£100bn on nuclear weapons,1
3845,detonate,"Sydney, Australia",New music from @ApolloBrown featuring M.O.P.? 'Detonate' taken off his album 'Grandeur' coming soon - http://t.co/m1xYkEcRzr,0
3989,devastation,Washington DC,Fascinating pics from inside North Korea. Not propaganda not devastation - just people living life. http://t.co/E2Dbcpwd9u,0
8037,refugees,"Bangalore, India",#Turkish couple decided to feed 4000 #Syrian #refugees as part of their #wedding celebrations http://t.co/EHLq3ZSPTd http://t.co/DjX5eLbrv1,0
10138,upheaval,,Ancient Mayan Tablet with Hieroglyphics Honors Lowly King http://t.co/WqIKqx9E3w,0
5034,eyewitness,,How ÛÏLittle BoyÛ Affected the People In Hiroshima ÛÒ Eyewitness Testimonials http://t.co/mUAnfWcRW9,1
2437,collide,"New Orleans, LA",#NowPlaying the playlist 'When Jazz and Hip-Hop Collide' in @TIDALHiFi http://t.co/mzQq5PAi8G,0
1175,blight,"Detroit, MI, United States","Article by Michael Jackman at Metro Times Detroit:
The group later downgraded the estimate to 37 square miles of... http://t.co/h31mmuduqt",0
5509,flames,Bacon,He better than Sean bro. I can admit that Sean is flames now. But he better than Sean https://t.co/aomQ1RYKmJ,0
6425,hurricane,,Stream HYPE HURRICANE,0
9271,sunk,,We may be just a week away from school but I don't think the idea of me being a senior has really sunk in yet,0
10784,wreckage,Mumbai,Wreckage 'Conclusively Confirmed' as From MH370: Malaysia PM: Investigators and the families of those who were... http://t.co/5EBpYbFH4D,1
2490,collided,On the court ,DRob collided into Dan Hughes while she was going after the ball. Looks like he hurt his back as he fell back on the chair. Hope he's ok!,0
7125,military,,How do you call yourself a base conservative when u think it's okay 2 duck military service &amp; contribute thousands 2 #HillaryClinton 2012?,0
3450,derail,"Dayton, OH",@realDonaldTrump @rushlimbaugh ITS PROOF democrats are AFRAID of TRUMP clintons are trying to DERAIL TRUMP w the meddling,0
7274,nuclear%20disaster,,3 Former Executives To Be Prosecuted In Fukushima Nuclear Disaster http://t.co/UmjpRRwRUU,1
3888,detonation,,Ignition Knock (Detonation) Sensor-Senso Standard fits 02-06 Acura RSX 2.0L-L4 http://t.co/VZaIQAMDCp http://t.co/ycecN44c8P,0
6693,landslide,,This Govt of Hubris has small maj yet acts as if it has a landslide. Opposition req'd with vision rigour &amp; hunger to serve this democracy.,0
146,aftershock,Instagram - @heyimginog ,@afterShock_DeLo scuf ps live and the game... cya,0
4760,evacuate,,Perhaps the criminal murderous #nazis should pack their bags &amp; evacuate themselves from London &amp; all #UK? #TubeStrike WELL DONE!,0
5353,fire,"Sydney, Australia",I just checked in! ÛÒ at On Fire on @ZomatoAUS #LoveFood http://t.co/9l5kqykrbG,1
1971,bush%20fires,Head Office: United Kingdom,Insane bush fires in California. Be safe. https://t.co/jSlxTQ3NqS,1
7674,panic,elena's bed // info on link,Panic! at the Disco is the best song by this is gospel (acoustic) http://t.co/VCq2icptKI,0
10192,violent%20storm,"ÌÏT: 1.50225,103.742992",Dramatic Video Shows Plane Landing During Violent Storm http://t.co/XRgPdlSWfD,1
8637,seismic,UK,ENGLAND EAST COAST. Dogger Bank Westward. 1. Seismic survey in progress by M/V Western Regent towing a 8400 metre long cable within areaÛ_,0
5664,floods,Australia,In #India 119000 people have taken shelter in the 966 relief camps the government has set up after the #floods:   http://t.co/eU8jypIzsd,1
1817,buildings%20on%20fire,New Hampshire,17 people displaced after 3-alarm fire tore through 2 apartment buildings on Second Street in Manchester. -- http://t.co/NzqwTCYidv #MHT,1
10366,weapons,??????,#Battlefield 1942 forgotten hope secret weapons,1
3107,debris,772 Temperance Permenence,Discovered Plane Debris Is From Missing Malaysia Airlines Flight 370 | TIME http://t.co/7fSn1GeWUX,1
469,armageddon,"Derry, 17 ",@paddytomlinson1 ARMAGEDDON,0
2801,curfew,,Why Charlie Lim start at 9pm on this Sunday..... I have curfew leh :-(,0
2817,cyclone,,@XHNews We need these plants in the pacific during the cyclone seasons it would help,1
3896,detonation,,Ignition Knock (Detonation) Sensor-Senso Standard fits 97-98 Ford F-250 4.6L-V8 http://t.co/cudkRyUUAN http://t.co/DKOZymvY5l,0
8556,screams,New Jersey,He hit a tailor fucking made double play and Kay screams he was robbed of a hit.,0
6910,mass%20murderer,"California, USA",#TheaterShooting DEFENDANT/MASS MURDERER CHOSE NOT 2 TESTIFY IN FINAL PHASE 3 so he won't therefore B subject 2 cross-exam or jury questions,1
3597,desolate,,I liked a @YouTube video http://t.co/M9YdA5k6jf Spyro 3 Texture Hacks - 'Desolate Gardens' [In-game],0
683,attack,FIMAK A.S Ist Bolge Muduru,Strongly condemn attack on ARY news team in Karachi. A cowardly act against those simply trying to do their job!,1
871,bioterror,Worldwide,FedEx stops shipping potential bioterror pathogens http://t.co/tkeOAeDQKq #trucking,1
2883,damage,Somewhere in the Canada,Nine inmates charged with causing damage in Calgary Remand Centre riot - http://t.co/1OSmIUXKhW,1
921,bioterrorism,,@ONU_France 74/75 Bioterrorism on '@Rockefeller_Chi/@RockefellerUniv'Heiress 2 evade lgl efforts 2 prosecute BLKs 4 @HarvardU kidnap'g.@AFP,0
5416,first%20responders,Long Eaton åá Derbyshire åá UK,"Join #charity 10k #run event! @DoningtonDash
11am start Sun 20 Sept 2015
Castle Donington Community First Responders
https://t.co/G1Nw99YJ8U",0
7944,rainstorm,"Sicamous, British Columbia",lizzie363 @CstSmith I drove thru deep water in a flash flood--rainstorm repair cost $14000. 25 yrs later people still thnk cars float!!!,1
2438,collide,"Vancouver, BC",#Vancouver to host 100s of electronic art events including @MUTEK_Montreal. http://t.co/vjBhxN9x1O #ISEA2015,0
5746,forest%20fires,Montana ,The forest service now spends &gt;50% of its budget fighting fires http://t.co/SrSLCxHc2T,1
8939,snowstorm,"Austin, TX",@PrablematicLA @Adweek I'm actually currently dressed for a snowstorm...despite being in the middle of a Texas summer. Thanks office A/C.,1
2179,catastrophic,United States,The Catastrophic Effects of Hiroshima and Nagasaki Atomic Bombings Still Being Felt Today http://t.co/tGcR5voFJ3,1
4678,engulfed,,#RaheelSharif is manifesting how one RIGHT man at the helm can save a Sinking Ship engulfed in a Dark-Stormy-Tidal-Sea. Well Done.,1
2311,collapse,Melrose,Watch The Terrifying Moment Two Giant Cranes Collapse Onto Homes: A row of homes was destroyed in seconds. http://t.co/G38Y8H1tJt,1
4034,disaster,London,RT @AmznFavorites THE DEVEREAUX DISASTER. 'Exciting scifi #thriller...' http://t.co/Mw9amBgAfq #SciFi #Kindle,0
7479,obliteration,Federal Capital Territory,Alhaji Putin is far from being a good person sha. At least I had front row seat to his complete obliteration of Ibeto cement a competitor.,0
8624,seismic,"Bokaro Steel City, Jharkhand","@kakajambori ??
U control the future of india..
Yor Subject: Exploration or seismic Maintenance( Electrical or Mechanical)",0
6344,hostages,Tennessee,#hot  C-130 specially modified to land in a stadium and rescue hostages in Iran in 1980 http://t.co/zLco4UE5OQ #prebreak #best,1
3800,detonate,,Bomb squad set to detonate backpack Antioch Tenn. theater gunman had on him officials say - @Tennessean http://t.co/eb74iieIWn,1
1352,blown%20up,Cosmic Oneness,this is the first time a tweet has blown up almost half a day later... RE https://t.co/1BUF0xM53d,0
1440,body%20bagging,302???? 815,@Yankees body bagging mfs,1
7478,obliteration,India,There are no four truths-of pain of desire that is the origin of pain of the obliteration of that desire of the pain to that obliteration.,0
4122,drought,"Orlando, FL",#weed news How marijuana is making California drought worse - Christian Science Monitor http://t.co/2SZ7oKjRXi,1
3996,devastation,,Water now tops the charts for highest global risk in terms of devastationÛ_ ahead of nuclear war or a global pandemic http://t.co/nbcvbSO9nm,1
5227,fatality,New Jersey,@Tellyfckngo @JayCootchi nah you hit homie wit the fatality and then son'd him wit the babality. Cold. Cold as fuck lmfaoooo.,0
10843,,,Omg earthquake,1
882,bioterrorism,OES 4th Point. sisSTAR & TI,I liked a @YouTube video http://t.co/XO2ZbPBJB3 FEMA REGION III TARGETED for BIOTERRORISM !!! NASA - JAPAN ROCKET LAUNCH with LITHIUM,1
3403,derail, Road to the Billionaires Club,@shantaeskyy GM! I pray any attack of the enemy 2 derail ur destiny is blocked by the Lord &amp; that He floods ur life w/heavenly Blessings,0
4214,drowned,"Bayonne, NJ",@God how come bugs haven't all drowned out of existence every time it rains?,0
8040,refugees,"Amman,Jordan",In Photos: The Young Refugees Forced to Flee Burundi's Violence | VICE News https://t.co/jOjnq2oOPi see more http://t.co/DsKuI6Mmgl,1
7821,quarantine,Southern Califorina,Reddit Will Now Quarantine Offensive Content: Reddit co-founder and CEO Steve Huffman has unveiled more specif... http://t.co/PMCp8cZPNd,0
420,apocalypse,"Buenos Aires, Argentina",candylit: Imagine sarumi in a zombie apocalypse Fighting back to back Heart to heart conversations over the... http://t.co/xIZkjffF29,0
5961,hazard,"Portsmouth, VA",Freak accident? Sure. Looking for someone to blame? Maybe. Remember that player broke his leg cuz cart was at back of end zone? Common sense,0
6273,hijacking,between ideas & 3-5pm AEST,to whomever is hijacking my wifi hotspot. I have a very specific skill set. I will create a character and perform a one-man show about you,0
492,armageddon,Nowhere. Everywhere.,@RohnertParkDPS You're on stage now! Right under the lights! Isn't it funny?! Where do you get the goofballs with which you staff your PD?,0
8502,screaming,,*CUE THE JARIANA STANS SCREAMING,0
9687,tornado,,Heather Night and Ava Sparxxx enjoy a wild teen threesome http://t.co/qew4c5M1xd View and download video,0
578,arson,"North-East Region, Singapore",@sayn_ae angel or arson,0
7742,panicking,,you can stop panicking ?????? @ogtomd  https://t.co/ZvRE6fFNyD,0
6248,hijacking,"Chiyoda Ward, Tokyo",#hot  Funtenna: hijacking computers to send data as sound waves [Black Hat 2015] http://t.co/wvTPuRYx63 #prebreak #best,0
7136,military,,Lot of 20 Tom Clancy Military Mystery Novels - Paperback http://t.co/ObiX79NcxN #tomclancy,0
10314,weapon,"California, United States",#InsaneLimits #plugin enabled  @'    =TPS= | TDM | 400T | HARDCORE | LOCKER | WEAPON RULES' using 3 limits,0
7648,panic,,@brokenscnecal I just though about panic! at the disco when I said that,0
8279,rioting,,The last time a high profile name was due to be signing for #nffc the City was rioting! Wesley Verhoek now a household name! #don'tpanic,1
485,armageddon,#FLIGHTCITY UK  ,(OFFICIAL VID) &gt; #DoubleCups &gt;&gt; https://t.co/lfKMTZaEkk &gt;&gt; @TrubGME Prod @THISIZBWRIGHT &gt;&gt; #ARMAGEDDON                 .,0
6075,heat%20wave,liverpool ,#greatbritishbakeoff love to know where I was when all this nice weather happened! Did miss the heat wave ?? ??,0
8664,sinkhole,,Massive Sinkhole Emerges In Brooklyn http://t.co/n3Ow73Oasw http://t.co/Gs9bmplbHH,1
3013,death,on the go,A Year Later Ferguson Sees Change but Asks if ItÛªs Real http://t.co/H9vmMDEbDx,0
4946,exploded,,"@MeryCormier haha! Exactly! Cosima is definitely in the hot seat. Lol
'It's Shay.' is no different from a bomb that got exploded.",0
7548,outbreak,,Families to sue over Legionnaires: More than 40 families affected by the fatal outbreak of Legionnaires' disea... http://t.co/8lCbDW7m2z,1
5721,forest%20fire,"Slatina,Romania",I liked a @YouTube video http://t.co/jK7nPdpWRo J. Cole - Fire Squad (2014 Forest Hills Drive),0
5687,floods,"St Austell, Cornwall",I hope it rains throughout the whole weekend I hope it floods and the portaloos become sentient.,0
3153,deluge,United Kingdom,@Dustpiggies ah. I was awash with abstract Dustpig tweets then. Explains the deluge.,0
9320,survive,,16 Stylishly Unique Houses That Might Help You Survive the Zombie Apocalypse | http://t.co/AU3DBCI7nf http://t.co/BOvJRF62T7,0
1432,body%20bagging,ATL ? SEA ,Drake is really body bagging meek,0
2217,chemical%20emergency,Wales,Sign the petition @david_cameron to protect bees instead of toxic chemical companies want to harm them! #savebees  - http://t.co/dB7ft3Yi6d,0
8309,rubble,"Dubai, UAE",#forbes #europe China's Stock Market Crash: Are There Gems In The Rubble? http://t.co/C0SlAbBP7j,1
6253,hijacking,rome,#hot  Funtenna: hijacking computers to send data as sound waves [Black Hat 2015] http://t.co/J5onxFwLAo #prebreak #best,0
10000,tsunami,,I liked a @YouTube video http://t.co/0h7OUa1pns Call of Duty: Ghosts - Campanha - EP 6 'Tsunami',0
6613,inundated,Croydon,@sophieingle01 @AngharadJames16 you'll be inundated with gifts of banana malt loaf now ?? #Worm,0
2076,casualty,,UNPREDICTABLE DISCONNECTED AND SOCIAL CASUALTY ARE MY FAVORITES HOW DO PEOPLE NOT LIKE THEM,1
2664,crush,,Ina Buted Girl Crush??,1
9563,thunder,"South Carolina, USA",The worst part is seeing lightning and trying to guess when the thunder will crack,0
1615,bombed,Stockton on tees Teesside UK,@antpips67 @JohnEJefferson obviously I'm aware that not all AS are from countries we have bombed but a lot are fleeing conflict,1
168,aftershock,,320 [IR] ICEMOON [AFTERSHOCK] | http://t.co/e14EPzhotH | @djicemoon | #Dubstep #TrapMusic #DnB #EDM #Dance #IcesÛ_ http://t.co/22a9D5DO6q,0
9967,tsunami,,she keep it wet like tsunami.,0
9579,thunder,nowhere,Super loud thunder woke me up from my very nice nap,0
6188,hijacker,San Francisco Bay Area,Gov. Brown allows parole for 1976 Chowchilla school bus hijacker James Schoenfeld. http://t.co/GlWoAKppjq http://t.co/WlLfLFnDgG,0
6911,mass%20murderer,wisco,It's like God wants me to become a mass murderer with how many dickheads I have to deal with on a daily basis.,0
890,bioterrorism,,Bioterrorism public health superbug biolabs epidemics biosurveillance outbreaks | Homeland Security News Wire http://t.co/cvhYGwcBZv,1
4410,electrocute,Naperville,Electrocute yourself,0
8168,rescuers,,VIDEO: 'We're picking up bodies from water': Rescuers are searching for hundreds of migrants in the Mediterranean after a boat carryi...,1
3894,detonation,New York,Detonation fashionable mountaineering electronic watch water-resistant couples leisure tabÛ_ http://t.co/E61x9Y65QD http://t.co/OVLET0gDqm,0
2925,danger,World,Permits for bear hunting in danger of outnumbering actual bears: The licenses for Florida's fir... http://t.co/FP64YOSJwx #st petersburg,0
7300,nuclear%20reactor,"Norwalk, CT",Has An Ancient Nuclear Reactor Been Discovered In Africa? ÛÒ Your... http://t.co/qadUfO8zXg,0
9788,trapped,å_å_Los Mina Cityã¢,Hollywood Movie About Trapped Miners Released in Chile: 'The 33' Hollywood movie about trapped miners starring... http://t.co/x8moYeVjsJ,0
1905,burning,,@nagel_ashley @Vicken52 @BasedLaRock @goonc1ty rip the world... its burning,0
3108,debris,,Confirmed the debris from MH370 ??,1
7688,panic,"Macon, GA",Romantic dramatic but never panic original sensei write rhymes in the attic,0
7005,mayhem,BOSTON-LONDON,@RaynbowAffair Editor In Chief @DiamondKesawn Releases Issue #7 http://t.co/ge0yd3mKAv of #RAmag. #Fashion #Models and #Mayhem,0
8341,rubble,"ATLANTA , GEORGIA ",#360WiseNews : China's Stock Market Crash: Are There Gems In The Rubble? http://t.co/gQskwqZuUl,0
4724,evacuate,"New Britain, CT",Cascada - Evacuate The Dancefloor (Official Video) https://t.co/OHCx3y8l4s via @YouTube,0
3904,devastated,,@UN No more #GujaratRiot &amp; #MumbaiRiot92-93 which devastated 1000&amp;1000 Indianperpetrated by #Modi &amp; #ChawalChorbjp @UN_Women  @UNNewsTeam,1
6893,mass%20murder,"Birmingham, England","#DebateQuestionsWeWantToHear Why does #Saudi arabia and #Israel get away with mass murder?
#Wahhabism #Zionism",1
8978,storm,NC || OR,ice cream + cupcake wars + storm = content sara,0
7352,obliterate,Seattle,"#fun #instagramers http://t.co/M3NJvvtYgN

Jeb Bush said earlier this week that not only does he want to obliterate Planned Parenthood buÛ_",0
6451,injured,,@RVacchianoNYDN The only surprise is that they aren't ALL injured.,0
7392,obliterate,Texas,Watch Sarah Palin OBLITERATE Planned Parenthood For Targeting Minority Women! ÛÒ BB4SP http://t.co/sAYZt2oagm,0
3748,destruction,Patra-Greece.,New RAN report from the frontlines of human rights abuses and forest destruction for fashion.: http://t.co/tYDXauuEnQ,1
8858,smoke,,if you're dating someone who doesn't let you smoke leave them and date someone who also smokes. trust me. ??,0
10559,windstorm,,@charlesadler Ian Lee's word is like 'A fart in a windstorm'. Such a browner.,0
6037,heat%20wave,,@rawfoodbliss I'm in the middle of a humid heat wave and a patch on my forehead flared up. I take olive oli extract and 4 tbs olive oil,0
407,apocalypse,,She's kinda hot played on the radio today. What's next? Disease to all? The apocalypse has started everyone. Be careful.,0
1114,blew%20up,,@ImAwesome7986 like literally blew up,0
9194,suicide%20bombing,Australia,@daisycuttertz @GROGParty @Tony_Burke He's been having lessons in suicide bombing from his imam!,1
3841,detonate,"Morioh, Japan",@TinyJecht Are you another Stand-user? If you are I will have to detonate you with my Killer Queen.,0
3521,derailment,,@greateranglia I know the cow incident not yr fault by how where they on the line could of caused a derailment,1
2001,bush%20fires,,So apparently there were bush fires near where I live over the weekend that I was totally oblivious to...,1
9218,suicide%20bombing,Principality of Zeron,@RayquazaErk There are Christian terrorists to be sure but I don't suicide bombing is employed often as it is in Islamic groups.,1
6310,hostage,,Related News: 'ISIS video' threatens hostage - Europe - CNN |  http://t.co/Wk6B5z803o,1
3789,destruction,,Marquei como visto Dragon Ball Super - 1x1 - The God of Destruction\'s Dream http://t.co/vJLnsKbG86 #bancodeseries,0
8480,screamed,pissing off antis,I SCREAMED 'WHATS A CHONCe' http://t.co/GXYivsWki7,0
4699,epicentre,,[Question] Is anybody else having this problem with the '7' circle in Epicentre? http://t.co/dsPWS6hJ8w,0
7584,outbreak,SÌ£o Paulo,Families to sue over Legionnaires' disease outbreak in Edinburgh - BBC News http://t.co/rM6CNzkSzL,1
974,blaze,SOUTHERN CALIFORNIA DESERT,"3 Bedrooms 1 Baths for sale in 29 Palms CA. (http://t.co/QMS8RRESsd)
(YouTube Video:... http://t.co/zLa30jCsSQ",0
3074,deaths,,@Eazzy_P we will never know what would have happened but the govt seemed to think that their beliefs warranted the deaths of innocent japs,1
6485,injuries,??,"Injuries may be forgiven but not forgotten.

Aesop",0
1372,blown%20up,"Grimsby, England",My dogÛªs just blown his kennel up ÛÒ Bloody Yorkshire Terrorist,0
314,annihilated,The Canopy Kingdom,BOOM! Your country was just entirely annihilated by a hÛ_ ÛÓ Britain https://t.co/IrFCn71sZv,0
5254,fatality,"Bishops Stortford, England",@LindaSOCVAT @TfLBusAlerts Yes apparently. Report of cow fatality as well sadly.,1
9051,structural%20failure,,VIDEO: Virgin Galactic crash: Brakes blamed: Investigators have said a Virgin Galactic spaceship crash was caused by structural failureÛ_,1
3120,debris,nbc washington,NBCNightlyNews: Malaysian Officials Say Debris Found on Reunion Island Is From #MH370. BillNeelyNBC reports: http://t.co/foUtpwgFWy,1
7231,natural%20disaster,,Top insurer blasts lack of Australian Govt action on disaster mitigation http://t.co/sDgOUtWNtb via @smh,1
559,arson,,Mourning notices for stabbing arson victims stir Û÷politics of griefÛª in Israel http://t.co/eug6zHciun,1
6519,injuries,Carterville,Carterville High School coaches prepare for game-day injuries http://t.co/kKiMMBUe04,1
1980,bush%20fires,Trinidad and Tobago,Drought fuels bush fires in Jamaica - http://t.co/ZDtDqQbAHC http://t.co/PsQCNsVfgP - @JamaicaObserver @cnewslive RE https://t.co/6ZGef8J8Bm,1
6820,loud%20bang,Aperture Science Test Facility,What the fuck was that. There was a loud bang and a flash of light outside. I'm pretty sure I'm not dead but what the hell??,0
3821,detonate,"Memphis,TN/ World Wide",Apollo Brown - 'Detonate' f. M.O.P. http://t.co/Y217CEEemD,0
9146,suicide%20bomber,,Suicide bomber kills 15 in Saudi security site mosque http://t.co/AxhcLfErSU,1
5486,flames,United States,ÛÏYou see the devastation &amp; itÛªs shocking.ÛÏ  Firefighters continue to battle flames in California. benstracy reports Û_,1
1949,burning%20buildings,,@MoFanon ?? your last retweet you would think the lion saved people from a burning buildings it's not that deep,0
9567,thunder,,@DevinJoslyn thunder and lighting ????,0
1572,bomb,,The bomb was so appropriate ?? seen as my family and most Jamaicans love shout bullets !,0
6703,lava,,My hands are cold but my feet are warm. That's where I keep my lava,0
3102,deaths,Top secret bunker ,@MayorofLondon pls reduce cyclist deaths with a compulsory highway code test as with EVERY OTHER VEHICLE that uses a road. #notrocketscience,1
7695,panicking,Detroit,Have to laughtraders panicking over market down 1%. Some see these as positive capitulation. THAT'S A JOKE. More to come may be ugly,0
252,ambulance,West Wales,Anyone travelling Aberystwyth-Shrewsbury right now there's been an incident. Services at a halt just outside Shrews. Ambulance on scene.,1
4493,electrocuted,,I'm in the shower and I went to go change the song and of course I get fucking electrocuted by the cord,0
964,blaze,Karachi ,Property losses from #California wildfire nearly double as week-old blaze rages: The fireÛ_ http://t.co/MsdizftZ2g,1
637,arsonist,ss,@Casper_rmg @BestComedyVine whats cracking cuz,0
5182,fatalities,"Hope Road, Jamaica ","'Use our roads wisely and prevent the carnage from continuing...let us have no fatalities over this holiday period..'
#GGIndependencMessage",0
9705,tornado,,@Toocodtodd Hey @wyattb23 let's challenge then to a tornado tag tlc match. Winner take all.,0
3280,demolish,MAD as Hell,"RT AbbsWinston: #Zionist #Terrorist demolish 18 #Palestinian structures in Jordan Valley http://t.co/rg3BndKXjX
Û_ http://t.co/Bq90pfzMrP",1
4383,earthquake,,There has not been 1 real tear out of #Shelli 's eyes this entire episode. #bb17,0
221,airplane%20accident,Not a U.S resident,Usama bin Ladins family dead in airplane crash. Naturally no accident.,1
3983,devastation,,70 Years After Atomic Bombs Japan Still Struggles With War Past: The anniversary of the devastation wrought b... http://t.co/Targ56iGBZ,1
8690,sinkhole,,There's a sinkhole in Brooklyn ?!,1
3718,destroyed,USA,Black Eye 9: A space battle occurred at Star O784 involving 2 fleets totaling 3967 ships with 39 destroyed,0
3542,derailment,"Minneapolis,MN,US",Train derailment: In Patna no news of any casualty so far - The Indian Express http://t.co/YH5VETm0YZ http://t.co/17Wgug8z0M,1
8428,sandstorm,USA,Watch This Airport Get Swallowed Up By A Sandstorm In Under A Minute http://t.co/qr6BtDCqCj,1
4299,dust%20storm,"Beirut, Lebanon",Some poor sods arriving in Amman during yesterday's dust storm were diverted to Ben Gurion airport: http://t.co/jkpjpcH9i6,1
5113,fatal,,11-Year-Old Boy Charged With Manslaughter of Toddler: Report: An 11-year-old boy has been charged with manslaughter over the fatal sh...,1
54,ablaze,Pretoria,@PhDSquares #mufc they've built so much hype around new acquisitions but I doubt they will set the EPL ablaze this season.,0
9703,tornado,  ,Maybe that's what happens when a tornado meets a volcano,1
7576,outbreak,"Nottingham, United Kingdom",@DrAtomic420 where did you get that pic from where it shows that there is 2 trophies for Outbreak? Or did they photoshop it?,0
6255,hijacking,EastCarolina,#hot  Funtenna: hijacking computers to send data as sound waves [Black Hat 2015] http://t.co/nQiObcZKrT #prebreak #best,0
9794,trapped,,Hollywood Movie About Trapped Miners Released in Chile: 'The 33' Hollywood movie about trapped miners starring... http://t.co/tyyfG4qQvM,1
321,annihilated,the own zone layer ,day 1 of tryouts went good minus the fact I stopped quickly to get a short ball and Annihilated my toenail injury even more,0
1860,burned,Chicago Area,I joked about it but Wood has to be burned out from working so many innings so often. #CubsTalk,0
9131,suicide%20bomb,,ll//ll= Pic of 16yr old PKK suicide bomber who detonated bomb in Turkey Army trench released http://t.co/uoNEbAHH3h /,1
2386,collapsed,,My portable closet has collapsed 3x and it finally broke and my mom said 'maybe u should get rid of some clothes' lol how about no,0
10405,whirlwind,"Harbour Heights, FL",@DrMartyFox     In the U.S. government and Libs made evil good and good evil. We will reap the whirlwind. Lord have mercy on us.,0
8778,siren,,Don't argue cheap now. You're better than that. ??,0
2709,crushed,,Crushed it! https://t.co/EWnUnp8Hdo,0
7380,obliterate,Bhubneshwar,It should be our duty to obliterate superstition from our society : Swami Agnivesh,0
1963,burning%20buildings,Spying on your thoughts,@kshllcenterpri1 @Progress4Ohio burning down buildings what you mean like when you burnt down those black churches?,1
10706,wreck,Baltimore,@girlthatsrio have my uncles wreck their shit,0
751,avalanche,guaravitas,we'll crash down like an avalanche,0
6881,mass%20murder,Anonymous,http://t.co/c1H7JECFrV @RoyalCarribean do your passengers know about the mass murder that takes place in the #FaroeIslands every year?,1
563,arson,"Milwaukee, WI",Owner of Chicago-Area Gay Bar Admits to Arson Scheme http://t.co/MYhOHvrHiL #LGBT | https://t.co/TM5HTHFDO0,0
10783,wreckage,"Xi'an, China",Wreckage 'conclusively confirmed' as from missing flight MH370 via @YahooNewsDigest,1
7972,razed,,The Latest: More Homes Razed by Northern California Wildfire - ABC News http://t.co/d1VjOYg52A,1
7338,nuclear%20reactor,,Finnish ministers: Fennovoima nuclear reactor will go ahead http://t.co/mqMCOLwBzc,0
5803,hail,USA,Strong Thunderstorm 4 Miles North of Japton Moving SE At 25 MPH. Large Hail and Wind Gusts Up to 50 MPH Poss... #arwx http://t.co/blppzAIbOE,1
7889,quarantined,china,Top link: Reddit's new content policy goes into effect many horrible subreddits banned or quarantined http://t.co/0lpu0gR2j0,0
8431,sandstorm,USA,Watch This Airport Get Swallowed Up By A Sandstorm In Under A Minute http://t.co/87H5MbA3N1,1
9888,traumatised,Londonstan,"ÛÏ@_keits: @LIVA_GOTTA get a gold chain you'll understandÛ

One boy gave me one and my neck went green It traumatised me",0
6453,injured,Worldwide,Top Stories - Google 4 dead dozens injured in Gaza blast near house leveled in summer warÛ_ http://t.co/P3o71DZ992,1
9923,trouble,Chasing My Dreams w/Jass??,@JusstdoitGirl never said it was a problem and shit working tryna stay out of trouble wbu big homie,0
6130,hellfire,Colorado,@IAN_Hellfire again not really. Do you have any idea how many times i have been ignored for fadc. You can't expect anything.,0
10824,wrecked,"Denton, Texas",Had an awesome time gettin wrecked at bowling last night! http://t.co/Da9lZtOn1c,0
1120,blew%20up,"Vancouver, BC.","Because you watched: Honey I Blew up the Economy

We Recommend : The Conservative Shoppe of Horrors

#HarperANetflixShow #elxn42 #stopharper",0
10100,typhoon,,"4Yygb mhtw4fnet

Thousands evacuated as Taiwan prepares for strongest typhoon of 2015 - ABC Online",1
7324,nuclear%20reactor,"Johannesburg, South Africa",@stunckle @Gordon_R74 @crazydoctorlady ...I'm no expert but raw uranium and nuclear reactor fuel rods are 2 very different creatures...,1
6115,hellfire,"570 Vanderbilt; Brooklyn, NY",New cocktail on the list! El Diablo Mas Verde: mezcal yellow chartreuse honey cucumber hellfire bitters.... http://t.co/REuosJEK4m,0
5827,hail,"Bay Area, CA",Kevin Tan says hail to the chefs - Û_ and Green Pastures which features sustainable and organic cooking.... http://t.co/D9xVuvp9s6,0
4139,drought,"Macon, Georgia",Moderate #drought is spreading rapidly across central Ga. #Macon #WarnerRobins #Dublin #Milledgeville #gawx http://t.co/PHNEZ60cwe,1
4600,emergency%20services,,@Glenstannard @EssexWeather do you know where abouts as I heard emergency services near by,1
624,arsonist,ss,i be on that hotboy shit,0
9555,threat,Everywhere,Purple Heart Vet Finds Jihad Threat on His Car at Mall: ÛÏAll of you Islamaphobe vets... http://t.co/hWnyXXKczz,0
8212,riot,,@AcaciaPenn I'll start a big ass riot  send me to jail today mfs shidddd ??,0
4918,exploded,,The Dress Memes Have Officially Exploded On The Internet http://t.co/3drSmxw3cr,1
3519,derailment,,"MP train derailment: Village youth saved many lives
http://t.co/lTYeFJdM3A #IndiaTV http://t.co/0La1aw9uUd",1
1595,bombed,"DÌ_sseldorf, Germany",On 1st August #Turkish jets bombed the village Zergele in Qendil and killed 8 civilians and 15 others wounded,1
4233,drowned,"Jacksonville Beach, FL",Jacksonville  family bands together as memorial is planned for  ... http://t.co/tilgurKv7Z,1
3073,deaths,Does it really matter!,Deaths 7 http://t.co/xRJA0XpL40,1
1425,body%20bag,,@Rhee1975 @deliciousvomit No I'm not I'm saying that they're lucky they can go home to their families not put in a body bag,0
85,ablaze,,Revel in yours wmv videos by means of mac farewell ablaze wmv en route to dvd: GtxRWm,0
10371,weapons,"Hawthorne, NE",PM Abe pledged to make every effort to seek a world without nuclear weapons. http://t.co/CBXnHhZ6kD,1
684,attack,,Nashville Theater Attack: Will Gun Grabbers Now Demand ÛÏHatchet Control?Û  http://t.co/OyoGII97yH,1
10723,wreck,United States,AmazonDeals: Skylanders Trap Team: Flip Wreck Character Pack - down 4.53% ($0.45) to $9.49 from $9.94 #Sale http://t.co/pMbuzfGIn3,0
10467,wild%20fires,New Jersey ,These wild fires out west are crazy.,1
4336,dust%20storm,CA via Brum,Wall of noise is one thing - but a wall of dust? Moving at 60MPH? http://t.co/9NwAJLi9cr How to not get blown away! http://t.co/j4NI4N0yFZ,1
7071,meltdown,"Colorado, USA",@nprfreshair I really can't believe he is skipping out before the Republican meltdown...I mean 'debate'.,0
6621,inundated,Singapore,Myanmar's president urged people to leave a low-lying southern delta region on Thursday with rain water that has inundated much of the counÛ_,1
7232,natural%20disaster,,Hello natural hazards/disaster recovery &amp; emergency management ppl can u recommend good hashtags to follow OR send me links of good reads?,0
1617,bombed,"Screwston, TX",'Redskins WR Roberts Belly-Bombed ' via @TeamStream http://t.co/GbcvVEvDTY,1
2257,cliff%20fall,,Beat the #heat. Today only Kill Cliff Free Fall $2. Pick up a #cold drink today after the #tough #crossfit... http://t.co/QaMwoJYahq,0
8030,refugees,Warri,Cameroon Repatriated 12000 Nigerian Refugees http://t.co/6nQRU2q5Tz,1
6429,hurricane,,@Hurricane_Dolce no prob,1
4900,explode,my deli,what if i want to fuck the duck until explode. it could be greasy,0
2356,collapsed,USA,@sholt87 @MtGrotto @Eco11C @carlsbadbugkil1 Saved us?Bush lowered tax rate for wealthy n economy collapsed w/Middle Class 401ks destroyed.,0
5206,fatalities,"Philadelphia, PA",PolicyLab is at @CECANF's last public hearing in NYC today and tomorrow to address child abuse and neglect fatalities http://t.co/n2cY3Z4TPB,1
815,battle,,I liked a @YouTube video http://t.co/9Vw0uQQi1y Marvel VS DC (Avengers Battle!),0
1307,bloody,Glasgow,I'm awful at painting.. why did I agree to do an A3 landscape in bloody oils of all paints ??,0
1456,body%20bagging,,WWE 2k15 MyCareer EP18 Tyrone body bagging dudes: http://t.co/mr5bI4KD82 via @YouTube,0
5644,flooding,don't run,And last year it was just a lot of 'THE DRUMS ARE FLOODING' and 'JANICE I'M FALLING',0
8036,refugees,,./.....hmm 12000 Nigerian refugees repatriated from Cameroon http://t.co/96p3hUJNTj /(,1
8888,smoke,Indonesia,@TeamAtoWinner no.. i mean when is mino said that he doesn't smoke? u mention it before.. :)),0
7146,mudslide,"Crouch End, London",Stu Dorret's mudslide rubber tyre cake may have saved you #GBBO,0
10479,wild%20fires,,@EnzasBargains A5 Donated some fruit snacks &amp; handi wipes to our fire fighters battling wild fires! #ProfitToThePeople,1
9752,tragedy,NYC / International,Rly tragedy in MP: Some live to recount horror: ÛÏWhen I saw coaches of my train plunging into water I called ... http://t.co/ZkgQSpwYj3,1
4449,electrocuted,Karachi Pakistan,#pakistan#news# PAKPATTAN City News: Man electrocuted From Our Correspondent PAKPATTAN: A man was electrocuted... http://t.co/frpbNhVPyI,1
6036,heat%20wave,"Fort Worth,  Texas ",RT @startelegram: Homeless vulnerable during North Texas heat wave http://t.co/k9aIrFQ3QL http://t.co/JdBTlyMEhY,1
10736,wreckage,Tokyo,Wreckage Confirmed As Part of Missing Malaysia Airlines Flight MH370 http://t.co/yoPeYPJkb2 (VICE News),1
10098,typhoon,"anzio,italy",Map: Typhoon Soudelor's predicted path as it approaches Taiwan; expected to make landfall over southern China by SÛ_ http://t.co/0XCb7yeqmw,1
4584,emergency%20plan,Indiana,"Do you have a plan? Emergency Preparedness for #Families of
Children with Special Needs  http://t.co/RdOVqaUAx5  #autism #specialneeds",0
7160,mudslide,Birmingham & Bristol,'It looks like a mudslide' poor thing! ?? #greatbritishbakeoff,1
471,armageddon,"Florida, USA","Vladimir Putin Issues Major Warning But Is It Too Late To Escape Armageddon?
http://t.co/gBxafy1m1C",1
7060,meltdown,,Looks like it may have been microsofts anti virus trying to update causing the meltdown,0
7267,nuclear%20disaster,,The people who tweet and care about #Japan #Fukushima nuclear disaster are not the problem those who ignore are the problem.,1
421,apocalypse,,RT: ZONEWolf123: I liked a YouTube video http://t.co/u66kYg11ZD Minecraft: NIGHT LUCKY BLOCK MOD (BOB APOCALYPSE WITHER 2.0 &amp; MORE!) MoÛ_,0
9739,tragedy,,Rly tragedy in MP: Some live to recount horror: ÛÏWhen I saw coaches of my train plunging into water I called ... http://t.co/0Xh758OnUP,1
3578,desolate,,Unexercised honda run-down neighborhood desolate: PSqD,1
8009,refugees,,This just-married Turkish couple gave 4000 Syrian refugees an incredible gift http://t.co/ibeD3xG7fy Fed them instead of family &amp; friends.,1
7573,outbreak,"ÌÏT: 6.488400524109015,3.352798039832285",Families to sue over Legionnaires: More than 40 families affected by the fatal outbreak of Legionnaires' disea... http://t.co/1H7zk6UYze,1
483,armageddon,East Kilbride,European Fitba till Christmas  ARMAGEDDON,0
10831,wrecked,"Vancouver, Canada",Three days off from work and they've pretty much all been wrecked hahaha shoutout to my family for that one,0
2303,cliff%20fall,The Netherlands,#NowPlaying * Cliff Richard - I Could Easily Fall (In Love With You) (&amp; Shadows) * #Internet #Nieuws #Radio On http://t.co/8LkMWp9qzw,0
6051,heat%20wave,"Arnhem, the Netherlands",Arnhem Weather - &lt;p&gt;An unrelenting and dangerous heat wave will expand across the South Central United StatesÛ_ http://t.co/yhAqa5WXoK,1
864,bioterror,"Atlanta, GA",FedEx no longer will transport bioterror germs http://t.co/SHrhkfj1bC via @usatoday,0
10658,wounds,"iPhone: 33.104393,-96.628624",@mattmosley post a pic of your wounds please,0
5695,floods,,Children in Myanmar face a 'double catastrophe' as floods hit the most ... http://t.co/0jFNvAXFph,1
4820,evacuation,"Eureka, California, USA",Humboldt Cty Sheriff's Office has issued an evacuation advisory for 10 residence in the Lassics area... more info at http://t.co/ERUzBUQZYU,1
3185,deluge,,The f$&amp;@ing things I do for #GISHWHES Just got soaked in a deluge going for pads and tampons. Thx @mishacollins @/@,0
6345,hostages,,#hot  C-130 specially modified to land in a stadium and rescue hostages in Iran in 1980 http://t.co/W0EXzAD5Gc #prebreak #best,1
7668,panic,"Topeka, KS",The good thing is that the #Royals won't face a newbie in the playoffs. No real reason to panic.,0
1869,burned,,Just burned the shit outta myself on my dirt bike ??,0
10666,wounds,Cape Town,and I thought my surgical wounds were healed!!! this weather ain't helping either ):,0
7296,nuclear%20reactor,,Check out this awesome profile on #GE's swimming #robot used in #nuclear reactors! http://t.co/HRc3oxQUIK #innovation http://t.co/wNPTvbM5T7,0
568,arson,bajaur,"After death of Palestinian toddler in arson
attack Israel cracks down on Jewish",1
1812,buildings%20on%20fire,nj,I just wanted to watch Paper Towns but the buildings on fire ?????,1
7849,quarantined,"Cumming, GA",Reddit's new content policy goes into effect many horrible subreddits banned or quarantined http://t.co/ohbV7YvtL5 http://t.co/YmuTi3ND9r,0
10001,tsunami,Hawaii,Meet Brinco your own personal earthquake snd tsunami early warning beacon. http://t.co/NXkUM9h7wD,1
5776,forest%20fires,Based in CA - Serve Nationwide,Property losses from northern California wildfire nearly double http://t.co/oTfW5SEkD7 via @YahooNews,1
9425,survivors,"WV, love the blue and gold",@Arovolturi3000 survived because of magic  she is searching the wood for survivors outside of London,1
7130,military,"Memphis, TN",Listen LIve: http://t.co/1puLaekxcq #Author #Interview Beth Underwood of #Gravity on #Military #Mom #TalkRadio,0
8724,sinking,Queensland,Sinking the Slipper or Putting the Boot In http://t.co/b1bx0ERuep,0
6745,lava,"di langit 7 bidadari (^,^ )",@YoungHeroesID LAVA BLAST dan POWER RED #PantherAttack @Mirmanda11 @evaaaSR,1
9086,structural%20failure,,Investigators rule catastrophic structural failure resulted in 2014 ... http://t.co/QU1IUg3E9r,1
9675,tornado,"Fort Knox, KY 40121",@SakhalinTribune Calgary area tornado warnings end as thunderstorms move eastward,1
5570,flood,,2pcs 18W CREE Led Work Light  Offroad Lamp Car Truck Boat Mining 4WD FLOOD BEAM - Full reaÛ_ http://t.co/VDeFmulx43 http://t.co/yqpAIjSa5g,0
86,ablaze,Inang Pamantasan,"Progressive greetings!

In about a month students would have set their pens ablaze in The Torch Publications'... http://t.co/9FxPiXQuJt",0
9022,stretcher,,@invalid @Grazed @Towel @Stretcher @PLlolz @witter I can't stop,0
4720,evacuate,Worldwide,Firefigthers Evacuate from Northampton Township House Fire http://t.co/hPplD1jHtZ,1
9638,thunderstorm,,RT @LivingSafely: NWS posts Severe #Thunderstorm Warnings for parts of #AR #NC #OK. Seek strong shelter if at risk: http://t.co/kEa5l3b1AE,1
1549,bomb,,@smallforestelf Umm because a gun stopped the gunman with who was carrying a bomb!,1
9185,suicide%20bomber,nigeria,Suicide Bomber Kills More Than a Dozen in Saudi Mosque: Saudi Arabia have started experiencing some terrorist ... http://t.co/GuAJ2t910b,1
6246,hijacking,China,#hot  Funtenna: hijacking computers to send data as sound waves [Black Hat 2015] http://t.co/cx6auPneMu #prebreak #best,0
6153,hijack,eating strawberry shitsickles,@mockingpanems @cuddlesforjen what if he slammed her against the wall for the wrong reason but then he came out of hijack mode and it,0
4969,explosion,Germany,I liked a @YouTube video http://t.co/bGAJ2oAX1p Huge Building Explosion at 2500fps - The Slow Mo Guys,1
209,airplane%20accident,bangalore,#Horrible #Accident Man Died In Wings Airplane (29-07-2015) #WatchTheVideo http://t.co/p64xRVgJIk,1
5351,fire,the road to success,I wanna set some shit on fire.,1
10776,wreckage,India,Wreckage 'Conclusively Confirmed' as From MH370: Malaysia PM,1
7831,quarantine,USA,Reddit Will Now Quarantine OffensiveÛ_ http://t.co/wjWYJBncat #onlinecommunities #reddit #amageddon #freespeech http://t.co/0Erisq25KT,0
1816,buildings%20on%20fire,World Wide,1943: Poland - work party prisoners in the Nazi death camp Treblinka rebelled seizing small arms and setting buildings on fire. #history,1
2297,cliff%20fall,DRAW A CIRCLE THAT'S THE EARTH,"*Jumps off of a cliff while drinking tea*

This is how British people fall off cliffs.",0
1222,blizzard,,I call it a little bit of your blizzard?,1
4709,epicentre,,Epicentre - Cydia Tweak - https://t.co/WKmfDig3nT | Thanks to @phillipten.,0
9182,suicide%20bomber,,I liked a @YouTube video from @noahj456 http://t.co/xntO3jMMTS GTA 5 - SUICIDE STICKY BOMBER (GTA 5 Online Funny Moments),0
9522,terrorist,proudly South African,@SwiftyCommissh @TaoistInsight @ImmortalTech Some jewish ppl agree tht Israel is a bully nd a terrorist state killin palestine kids nd women,1
4284,drowning,Coasts of Maine & California,Drowning sorrows in Jarmusch vampires.,0
4065,displaced,"48.870833,2.399227",9000 Photographs from 1800's British Mandate of Palestine - with no trace of 'Palestinians' http://t.co/X8i0mHYRmN,1
8972,storm, Alberta,'Calgarians stunned by storm insurance companies busy handling calls' #abstorm http://t.co/fkFa9vSssZ,1
7608,pandemonium,,Proud of you @JoeGoodmanJr for watching the #CopaLibertadores and the Argentinean pandemonium... https://t.co/8tyGO0KiZz,0
7801,quarantine,Bucharest,#Reddit updates #content #policy promises to quarantine Û÷extremely offensiveÛª communities http://t.co/EHGtZhKAn4,1
4330,dust%20storm,,I learned more about economics from one South Dakota dust storm than I did in all my years in college.  -Hubert Humphrey,1
2231,chemical%20emergency,"Tyler, TX",@pjcoyle ... need to be included in emergency planning for chemical plants. See also http://t.co/OamqqBNIce,0
4935,exploded,,The Dress Memes Have Officially Exploded On The Internet http://t.co/iBsVy2R3PH,0
7529,oil%20spill,,@TroySlaby22 slicker than an oil spill,0
5816,hail,antoine fisher ,@Hail_Zel man you kno I'm there !,0
4774,evacuated,"Denver, Colorado",13000 evacuated as California firefighters fight flames to save homes. #RockyFire http://t.co/tB52o146tx http://t.co/tsbTiGDSDT,1
2799,curfew,Miami,In the beginning of summer my mom made my curfew 1 now it's back to 12 and I can never go out and she wonders why I'm always at home,0
6721,lava,,I lava you ?????? http://t.co/aeZ3aK1lRN,0
10189,violent%20storm,,@TeaFrystlik -- causing the entire sky around their battle to darken to a violent storm as an ungodly powerful bolt of lightning struck at--,0
611,arsonist,[ Blonde Bi Fry. ],'wHeRE's mY aRsOnISt aT???',0
524,army,Campinas Sp,"You da One 

#MTVSummerStar #VideoVeranoMTV  #MTVHottest Britney Spears Lana Del Rey",0
9324,survive,Back East in PA,Help me survive the zombie apocalypse at the Zombie Fun Run on November 15th. https://t.co/kgSwhSr7Mn #teamsurvivors #zombiefunrun2014,0
2299,cliff%20fall,,That sounds like a really bad idea I like Yoenis but I feel like his production could fall off a huge cliff.,0
7091,meltdown,The Internet,Byproduct of metal price meltdown is a higher silver price http://t.co/cZWjw4UV7i,1
688,attack,"Dayton, Ohio",A Dayton-area org tells me it was hit by a cyber attack: http://t.co/7LhKJz0IVO,1
1779,buildings%20on%20fire,,Buildings are on fire and they have time for a business meeting #TheStrain,1
1332,blown%20up,L/S/Z/L/T/H/C/H/R/A/S/C,@Papcrdoll and I s2g if my mentions get blown up over MY choice I will deactivate and leave for good. RESPECT MY CHOICES.,0
4914,exploded,London,A tin of Tesco dog food 'exploded' and prompted THIS complaint - via @chelsea_dogs #pets #dogs #animals #puppy http://t.co/QzvKPaHsQ7,0
4944,exploded,Jamaica,@ItsNasB now I have to go replace my sarcasm meter which just exploded. -__-,0
3932,devastated,,Bairstow dropped his buffet ticket there. Devastated for the lad.,0
2655,crush,Kaneohe,@kuualohax more like you love your husband but you're posting another man for your man crush Monday's lol,0
6132,hellfire,,The Prophet (peace be upon him) said 'Save yourself from Hellfire even if it is by giving half a date in charity.',1
8383,ruin,"Sacramento, CA",Greedy bastards @Fullscreen way to ruin creativity.  CENSORSHIP ON YOUTUBE: https://t.co/nMtlpO4B58,0
3721,destroyed,,Russian customs destroyed a total of 319 tons of food today phew! Some Italian meats were burned in an incinerator in Pulkovo airport.,0
5350,fire,"Newark, NJ",This nigga Cyhi diss was what Meek was suppose to do. This shit actually fire,0
341,annihilated,,@thatdes ok i wasn't completely forthright i may have also been in a food coma bc of the kebab/tahini/pickles i also annihilated w/fries,0
4882,explode,"Washington, D.C.",Kendall Jenner and Nick Jonas Are Dating and the World Might Quite Literally Explode http://t.co/pfvzVPxQGr,1
9410,survivors,,"#WorldNews
 Fears over missing migrants in Med - BBC News - Home:
Rescuers search for survivors after a boat carr.. http://t.co/iJoBZ3MZp0",1
7957,rainstorm,ECSU16,The way you move is like a full on rainstorm and I'm a house of cards.,0
5604,flood,USA,Flood Prone Waterways In Westchester County Now Eligible For Millions In State Aid #NewYork - http://t.co/XSR2VUJyIz,1
4579,emergency%20plan,North Hastings Ontario,Practice your families fire escape plan so everyone knows what to do in case of an emergency.,0
1924,burning%20buildings,"St Charles, MD",I'm mentally preparing myself for a bomb ass school year if it's not I'm burning buildings ??,0
2266,cliff%20fall,$ad $hawty,If u faved that I hope you fall off a cliff ??,0
8863,smoke,"Dalston, Hackney",@PianoHands You don't know because you don't smoke. The way to make taxis and buses come is to light a cigarette to smoke while you wait.,1
3475,derailed,"Enterprise, Alabama","Has #IdentityTheft Derailed Your #TaxReturn? 
8 Steps for Cleaning Up an  #IdentityTheft Train Wreck. #CRI
http://t.co/gxQWD1qZBd",0
4480,electrocuted,"Newcastle, England",Also my iPhone charger is broken and I just electrocuted myself.,0
5297,fear,New York. NY,my biggest fear is that eventually you will see me the way i see myself.,0
6282,hijacking,,"Mom is hijacking my account to earn MCR STATUS!!!  Get your own account snort!  
http://t.co/jST5hAUK35 #FlavorChargedTea",0
2987,dead,South Stand,@Jones94Kyle now I've said all this he's dead and no one else dies,0
8511,screaming,Justin and Ariana follow,MY FAVS I'M SCREAMING SO FUCKING LOUD http://t.co/cP7c1cH0ZU,0
10730,wreck,,@TitorTau The Loretta Lynch one was fuckin' HI-LARIOUS to watch in realtime. It was like a train wreck of fact-checking and ombudsmanship.,0
791,avalanche,World,Avalanche City - Sunset http://t.co/48h3tLvLXr #nowplay #listen #radio,1
5,,,All residents asked to 'shelter in place' are being notified by officers. No other evacuation or shelter in place orders are expected,1
5336,fire,,This fire is WAY too close wtf is going on ???? http://t.co/drf3mmRbyx,1
6799,loud%20bang,Kenya,kabwandi_: Breaking news! Unconfirmed! I just heard a loud bang nearby. in what appears to be a blast of wind from my neighbour's ass.,0
7807,quarantine,Area 8 ,Update: still haven't eaten since 6:30 am still have to clean the dry lot and fill water in quarantine. May pass out,0
4845,evacuation,"sydney, australia",my school just put the evacuation alarms on accidently with 2 different trial exams happening are you kidding me,0
4014,disaster,,My first staining attempt was a disaster https://t.co/buDmKE3nNf,0
4920,exploded,"Elmwood Park, NJ",Well as I was chaning an iPad screen it fucking exploded and glass went all over the place. Looks like my job is going to need a new one.,0
6697,landslide,,@Morning_Joe @Reince @PressSec Joe ur so smart u should run 4 president Ur perfect !The American people love assholes u'd win by a landslide,0
7559,outbreak,,Families to sue over Legionnaires: More than 40 families affected by the fatal outbreak of Legionnaires' disease in Edinburgh are to ...,1
9837,trauma,,I need to plan a trip to Cleveland soon! ??,0
8578,screams,Sheffield/Leeds,I agree with certain cultural appropriation things but honestly if u looked at my house it screams appropriation bc Buddhas and stuff-,1
10833,wrecked,Lincoln,@engineshed Great atmosphere at the British Lion gig tonight. Hearing is wrecked. http://t.co/oMNBAtJEAO,0
1054,bleeding,,@Uptown_Jorge head up like yo nose bleeding,0
9730,tragedy,,#ModiMinistry Rly tragedy in MP: Some live to recount horror http://t.co/s43wE7Oe2i,1
8472,screamed,"North Carolina, USA",Vacation update: my great aunt just killed a spider with her bare hand after I screamed in fear. #fierce,1
4164,drown,,@GraysonDolan only if u let me drown you ??,0
4846,evacuation,United States,Walking down the middle of Michigan Ave last Sunday during #Lolla evacuation 2015 https://t.co/YrfZ5WJ7R2,1
1232,blood,Conversing In Janet's CafÌ¬,Off The Wall Invincible and HIStory + Blood On The Dance Floor https://t.co/ZNTg2wndmJ,0
352,annihilation,Wild Wild Web,annihilating quarterstaff of annihilation,1
10369,weapons,,#bigbrother #ch4 The X-37b's big brother revealed: Boeing bags $6.6m contract to design ... - Daily Mail http://t.co/0migwcmtJe,0
8924,snowstorm,"South, USA",Sassy city girl country hunk stranded in Smoky Mountain snowstorm #AoMS http://t.co/HDJS9RNtJ4 #ibooklove #bookboost,1
8721,sinking,Liverpool,Do you feel like you are sinking in low self-image? Take the quiz: http://t.co/bJoJVM0pjX http://t.co/wHOc7LHb5F,1
1138,blight,"Maryland, USA",@realhotcullen I agree but I knew we'd be going to the deep roads again because they found Blight in red lyrium. It ain't over yet &gt;_&gt;,0
8425,sandstorm,In your head,@SunderCR two hours of Sandstorm remixes. All merged together. No between-song silence.,0
4078,displaced,San Francisco,? The Circular Ruins - Displaced part 4 ? http://t.co/Od2ratxRqS #nowplaying,0
7598,pandemonium,Nigeria,Pandemonium In Aba As Woman Delivers Baby Without Face (Photos).... http://t.co/lYXNjlxL8s http://t.co/CXYFqN3ue4,1
3924,devastated,"Dorset, UK",???????????? @MikeParrActor absolutely devastated what an actor. Will miss #RossBarton every girls loves a bad boy,0
8337,rubble,,China's Stock Market Crash: Are There Gems In The Rubble?: ChinaÛªs stock market crash this summer has sparked ... http://t.co/2OqSGZqlbz,0
7141,military,highlands&slands scotland,Bad News for US: China Russia Bolstering Military Cooperation in Asia / Sputnik International http://t.co/9q9Rk3fOf7 via @SputnikInt,0
2643,crashed,Kingswinford,I just nearly crashed my car typing 'Paul Rudd attacked by flying ants' into notes on my phone.,0
10485,wildfire,"Tucson, AZ",Does the #FingerRockFire make you wonder 'am I prepared for a wildfire'. Find out at http://t.co/eX8A5JYZm5 #azwx http://t.co/DeEeKobmXa,1
6632,inundated,Maryland,Already expecting to be inundated w/ articles about trad authors' pay plummeting by early next year but if this is true it'll be far worse,0
10127,upheaval,,"How long O Lord (Study 3)
 The sixth seal opens the events of Revelation 12. The political upheaval in the Roman... http://t.co/GW0CXoOJyV",1
4568,emergency%20plan,"Calgary,AB, Canada",The City has activated the Municipal Emergency Plan. Primarily stay indoors avoid flooded areas Call 311 for... http://t.co/Ch6E7vTATR,1
2488,collided,"Peterborough, Ont.",#Newswatch: 2 vehicles collided at Lock and Lansdowne Sts in #Ptbo. Emerg crews on their way,1
2229,chemical%20emergency,"Seattle, Washington",Downtown Emergency Service Center is hiring! #Chemical #Dependency Counselor or Intern in #Seattle apply now! #jobs http://t.co/SKQPWSNOin,0
10698,wreck,United States,@_PokemonCards_ @IceQueenFroslas why did they have to wreck it with ON SALE HERE ;-;,0
381,annihilation,"Ljubljana, Slovenia",Stop the Annihilation of the Salt River Wild Horses! http://t.co/wVobVVtXKg via @Change,1
7318,nuclear%20reactor,"New York, New York",Japan's Restart of Nuclear Reactor Fleet Fast Approaches http://t.co/DbAUjp29Ub,1
2470,collided,From a torn up town MANCHESTER,Two cars collided following shotgun fire in Denton http://t.co/0r03C6njLI,1
6706,lava,"Medan,Indonesia",@YoungHeroesID Lava Blast &amp; Power Red #PantherAttack @JamilAzzaini @alifaditha,0
10102,typhoon,,Please recover from the Typhoon. ????,1
1395,body%20bag,"Greenville,SC",@TR_jdavis Bruh you wanna fight I'm down meet me in the cage bro better find out who you're dealing with before you end up in a body bag,0
130,accident,"Manchester, NH",Accident left lane blocked in #Manchester on Rt 293 NB before Eddy Rd stop and go traffic back to NH-3A delay of 4 mins #traffic,1
8458,screamed,,I just got screamed at for asking my dad to move half a step so I could get through....,0
3393,demolition,everywhere,Dont think they will paint the lab building cause they have been planning for  demolition ... since forever.,0
2479,collided,,My @MLG and food worlds have collided in this @ijustine salmon video. #simple #Alaskaseafood #askforalaska https://t.co/2SnyGHaiVs,0
1979,bush%20fires,Jamaica,Slash-and-burn blamed for bush fires in western St Thomas - http://t.co/5dJ6cHjFZP,1
6790,lightning,"Asheboro, NC",Some crazy lightning outside,0
4189,drown,"Layang-Layang, Perak",Drown by Bring Me the Horizon (at Information Resources Centre (UTP)) ÛÓ https://t.co/7vSqQSvGNI,0
9397,survivors,,"Tricycle toddler atomic bomb
http://t.co/ljeRYHItwh In a fraction of a second Our decisions change the landscape of humanity.",1
8510,screaming,,"Harshness Follows Us a
Better Day
by Sarah C
Racing thoughts with screaming sirens
Pacing back and forth for... http://t.co/ProNtOuo91",0
866,bioterror,"Jacksonville, FL",[JAX Biz Journal] FedEx stops shipping potential bioterror pathogens http://t.co/R33nCvjovC,1
5397,fire%20truck,"Laguna Beach, Calif. ",Truck fire clogs canyon road http://t.co/JRDwyy0aX4,1
5484,flames,,Maryland mansion fire that killed 6 caused by damaged plug under Christmas tree report says - Into the flames... http://t.co/ucUDwIU3aN,1
1390,body%20bag,US,Photo: Bath &amp; Body Works cosmetic bag in periwinkle blue with copper piping along the top and four corners.... http://t.co/A9BNlse6QB,0
9054,structural%20failure,Asia,Rightways: Building structural integrity &amp; failure: problems inspections  repair http://t.co/vz1irH0Nmm via @rightwaystan,0
7520,oil%20spill,Street of Dallas,Refugio oil spill may have been costlier bigger than projected http://t.co/aP30psZkVx,1
4163,drown,,@cameronhigdon34 I can't drown my demons they know how to swim.,0
9492,terrorist,,Captured terrorist Naved not registered as our citizen: Pakistan http://t.co/0FS9kSV5xK,1
8536,screaming,,@justinbieber @ArianaGrande IM SCREAMING,0
7543,oil%20spill,"Pensacola, FL",Senator voices concerns over BP oil spill settlement http://t.co/mFSBWpj0Ce,1
6559,injury,"Shah Alam,Malaysia",Had a nightmare and was about to jump out of bed when I remembered my injury alas it was too late and I screamed in my bedroom,0
7735,panicking,"McLean, VA",@c_pinto001 I see people are panicking about Orpik all over again.,0
9486,terrorism,,"Truth...
https://t.co/k44tL3rfMy
#News
#BBC
#CNN
#Islam
#Truth
#god
#ISIS
#terrorism
#Quran
#Lies http://t.co/ipT0hoNoTI",0
6970,massacre,,"Headed to the massacre 
Bodies arriving everyday 
What were those shells you heard 
Picking the bones up along the way",1
10540,windstorm,"Palm Beach County, FL",Reality Training: Train falls off elevated tracks during windstorm http://t.co/JIOMnrCygT #Paramedic #EMS,1
2372,collapsed,Tokyo,@GorpuaZikinak  and tongue out as she collapsed in the cum puddle her whole body covered.,0
225,airplane%20accident,"Lehigh Valley, PA",Strict liability in the context of an airplane accident - http://t.co/gibyQHhKpk,1
3162,deluge,,Towboat trek sympathy deluge falls: VTc http://t.co/eaaQUMkkc9,1
7754,police,,Maid charged with stealing Dh30000 from police officer sponsor http://t.co/y35qtVDSOH | https://t.co/qhUJAjCTR5,0
1294,bloody,Nashua NH,@TradCatKnight (1) Russia may have played into reason but that link is BS.  Okanowa was bloody and mainline invasion looked like a bloody,1
2687,crush,"Miami, FL",@Starflame_girl yeah I have a crush on her,0
5807,hail,,Hail Mary Full of Grace The Lord is with thee. Blessed art thou among women and blessed is the fruit of thy... http://t.co/IDQcfJycYM,0
4911,exploded,,Chick masturbates a guy until she gets exploded on her face &gt; http://t.co/5QhoeHE9hf,1
8684,sinkhole,"Haddonfield, NJ",Georgia sinkhole closes road swallows whole pond http://t.co/cPEQv52LNA,1
4076,displaced,Pedophile hunting ground,.POTUS #StrategicPatience is a strategy for #Genocide; refugees; IDP Internally displaced people; horror; etc. https://t.co/rqWuoy1fm4,0
6043,heat%20wave,,Japan Heat Wave Intensifies ÛÒ Death Toll Surges To 55  http://t.co/irpSSresRq,1
211,airplane%20accident,,Experts in France begin examining airplane debris found on Reunion Island: French air accident experts on Wednesday began examining t...,1
4266,drowning,,@HeyImBeeYT its like theres fire in my skin and im drowning from within ????,1
490,armageddon,,Paul Craig Roberts ÛÒ Vladimir Putin Issues Major Warning But Is It Too Late To Escape A http://t.co/NVfKzv5FEx #brics #roberts #russia,1
2497,collided,Mumbai,16 dead in Russia bus accident: At least 16 people were killed and 26 others injured when two buses collided i... http://t.co/ybyP68ieVn,1
4778,evacuated,Manchester UK,Trafford Centre film fans angry after Odeon cinema evacuated following false fire alarm: Twitter users tell ofÛ_ http://t.co/PZeiXi4Xk7,1
8142,rescuers,Nigeria,VIDEO: 'We're picking up bodies from water': Rescuers are searching for hundreds of migrants in ... http://t.co/bS6PjT09Tc #Africa #News,1
10743,wreckage,WorldWide,#Australia #News ; RT janeenorman: 'High probability' aircraft wreckage is from #MH370 according to Deputy Prime Û_ http://t.co/cdOHgnJmsT,1
7977,razed,,The Latest: More homes razed by Northern California wildfire - http://t.co/BsGR67dyWY http://t.co/nDGgr6Xyqd,1
7277,nuclear%20disaster,#goingdownthetoilet Illinois,CLOSING THEIR EYES TO DISASTER!  State Department Unaware of Reports Iran is Sanitizing Nuclear Sites http://t.co/yRVGyKdbM6,1
8396,sandstorm,United States,@Hienshi @Gbay99 it wouldnt turn into a sandstorm if riot gave a good answer.  Instead they gave dumb excuses. At least new client is there,0
2545,collision,"Ontario, Canada",CLEARED: COLLISION: #QEW Fort Erie bound approaching Hwy 405 #Niagara.Vehicles removed. ^ag,1
7261,nuclear%20disaster,Inexpressible Island ,3 former executives to be prosecuted in Fukushima nuclear disaster http://t.co/zsDVWEgLF5,1
7179,mudslide,"Holly Springs, NC ",@UrufuSanRagu a Mudslide?,1
10199,violent%20storm,,A brief violent storm swept through the Chicago area Sunday afternoon leading to one death and an evacuation of Lollapalooza and more,1
6430,hurricane,NYC,Mr. T stopped wearing gold chains in 2005 because he thought it would be an insult to the people who lost everything after Hurricane Katrina,0
5475,flames,dreamy lake,i guess you can say ig's hopes went up in flames,0
6773,lightning,"Victoria, BC",Lightning causes six new fires on VancouveråÊIsland http://t.co/VdILiiCyR5,1
9377,survived,Reading a romance novel,I Survived A 12-Step Program for Sex Addiction - http://t.co/xsX26oo16s,0
7968,razed,,The Latest: More Homes Razed by Northern California Wildfire - ABC News http://t.co/ZBZc8905Gl,1
2965,dead,Atmosphere,lmfao fucking luis hhahaha im dead,0
1579,bombed,"Dundas, Ontario",Jays rocking #MLB @JoeyBats19 just bombed one out of Rogers Centre. Play-offs r ahead for The #BlueJays - Bell Moseby and Barfield r back!,0
1455,body%20bagging,3?3?7?SLOPelousas??2?2?5?,Gates not body bagging nobody???????? niggas in br really know who he is ????,0
1228,blizzard,United States,@LoneWolffur BRUH *dies*,0
1350,blown%20up,"ÌÏT: 30.307558,-81.403118","HEY LOOK!!!  Kash's Foundation Live for Today got blown up on People Magazine's website!!  

Todd Blake... http://t.co/2Fenu1SYu6",0
5930,harm,?@symbolicjensen?,self harm// I'm so angry please tag your scars on tumblr jesus christ i dont wanna get triggered,0
4646,emergency%20services,"Los Angeles, CA",#MissionHills CA #Nursing : Registered Nurse - Emergency Department ( Full Time... at Providence Health &amp; Services http://t.co/Z5grLREy6V,0
8961,storm,"Atlanta, GA",Crazy storm hit and I'm trapped inside a Hobby Lobby AMA http://t.co/8qc8Bcxoko,1
3788,destruction,London,@Bonn1eGreer The Angel of History propelled into the future by the winds of progress leaves in its wake piles of death and destruction. WB,0
1385,body%20bag,New York,Louis Vuitton Monogram Sophie Limited Edition Clutch Cross body Bag - Full read by eBay http://t.co/GGgFVO5Pb4 http://t.co/NlFr8t3xqm,0
347,annihilation,,@POTUS Maybe we should call Israel and tell them we're sorry are Pres has sold them down the river to annihilation.,0
9055,structural%20failure,,@SirTitan45  Mega mood swing on a 24 hr schedule. Isn't that how structural failure occurs?,0
406,apocalypse,Texas,@HoneyBunzGem @primalkitchen I feel like me doing a pull-up is one of the stages of the Apocalypse.,0
8475,screamed,,i'm sorry i'm so wild in 1d shows like in my wwa show niall started singing steal my girl I literally screamed shut the fuck up,0
2455,collided,,My 2 fav worlds have collided! Thanks to @lennonparham @Jessica_StClair I found the @GilmoreGuysShow podcast!! #ihave44episodesofGG #nojoke,0
2621,crashed,"Bangor, Co.Down",@johndcgow heard this few days ago while driving and near crashed the car from laughing to much,0
2489,collided,"Johannesburg, South Africa",2 pple have been confirmed dead and over 20 rescued while many went missing after a ferry carrying 200 collided with a fishing boat.#News,1
2672,crush,Everywhere,master0fsloths has a crush: http://t.co/SZX6v0bbjF,0
9918,trouble,"Indiana, USA",@BadAstronomer ...I have a lot of trouble getting both students and adults to understand that the moon is farther away than they think.,0
4297,drowning,"San Diego, California",I'm drowning in hw now and that's w/o going to swim ohlordy,0
4378,earthquake,,Contruction upgrading ferries to earthquake standards in Vashon Mukilteo: The upgrades will bring the vulnera... http://t.co/Au5jWGT0ar,1
1040,bleeding,IN,you can stab me in the back but I promise you'll be the one bleeding,1
3109,debris,,#?? #?? #??? #??? MH370: Aircraft debris found on La Reunion is from missing Malaysia Airlines ...  http://t.co/q1GlK8plUD,1
8781,siren,"California, USA","Can you save
Can you save my
Can you save my heavydirtysoul?",0
2508,collision,,Beat:B2 MOTOR VEHICLE COLLISION at N 35 ST / FREMONT AV N reported on 8/5/2015 6:52 PM Call# 15000270364,1
10394,whirlwind,Thailand,Weather forecast for Thailand  A Whirlwind is coming ...2 september https://t.co/rUKjYjG9oQ,1
5890,harm,Kansas City,@leedsrouge Love what you picked! We're playing WORTH IT by FIFTH HARM/KID INK because of you! Listen &amp; Vote: http://t.co/0wrATkA2jL,1
10690,wreck,Argentina,Did I drink too much? Am I losing touch? Did I build a ship to wreck?,0
9134,suicide%20bomb,Nigeria,#GRupdates Pic of 16yr old PKK suicide bomber who detonated bomb in Turkey Army trench released --&gt; http://t.co/fqcDPhccg7,1
1692,bridge%20collapse,,2 Injured 1 missing in bridge collapse in central Mexico - Fox News Latino http://t.co/l0UnaFLy0Y,1
8018,refugees,,wowo--=== 12000 Nigerian refugees repatriated from Cameroon,1
9706,tornado,"Kentucky, USA",Tornado has to make the playoffs. They have 3 guys with 20+homers already and they just added Tulowitzki and Price,0
3176,deluge,,Strange to encaustic cerography portion him till give voice deluge: bYITyf http://t.co/I7ap1MES8M,0
2071,casualty,,'Become another casualty of society',0
9132,suicide%20bomb,GLOBAL,16yr old PKK suicide bomber who detonated bomb in Turkey Army trench released http://t.co/mMkLapX2ok,1
6724,lava,"Newark, NJ","https://t.co/4i0rKcbK1D
SON OF SAVIOR LAVA VIDEO",0
9916,trouble,Canada,@canagal Good to hear it's back.. that storm's been given you guys trouble though :( ^SJ,1
8673,sinkhole,Texas af,Damn that sinkhole on sunset????,1
5928,harm,"Portland, OR",@space_wolverine No harm no foul and somebody needed to say it.,0
10704,wreck,"Atlanta, Georgia",#Trump debate will be most highly watched show tonight even among progressives. I too will watch hoping for a spectacular flaming wreck.,0
10056,twister,london,Am now repped by the fantastic Laura Milne @TheJonesesVoice for all your liguistic needs. And that's some tongue twister tweets,0
7767,police,,Oops: Bounty hunters try to raid Phoenix police chief's home: http://t.co/yPRJWMigHL -- A group of armed bounty... http://t.co/3RrKRCjYW7,1
9608,thunderstorm,"Tulsa, Oklahoma",Severe Thunderstorm Warning for Oklahoma County until 10:30pm. Radar here: http://t.co/2HV2y2M2oZ #okwx,1
245,airplane%20accident,Toronto,Could a drone cause an airplane accident? Pilots worried about use of drones esp. in close vicinity of airports http://t.co/kz35rGngJF #,1
8746,siren,London,Big Love @IbeyiOfficial https://t.co/OlnK1TI1NM,0
3489,derailed,L'Enfant Plaza Metro Station,1 of those days when ya don't realize till already in transit that a train DERAILED at the Metro St closest to work?? https://t.co/QYX5ThkRbH,1
7880,quarantined,,"0nPzp mhtw4fnet

Officials: Alabama Home Quarantined Over Possible Ebola Case - ABC News",1
3594,desolate,,(  the abomination that maketh desolate: The antichrist desecrates the Jerusalem temple - Dan 9:27 Matt 24:1  ),0
2937,danger,,The Danger and Excitement of Underwater Cave Diving http://t.co/8c3fPloxcr http://t.co/cBGZ9xuN2k,0
942,blaze,,i blaze jays fuck the dutch slave trade.,0
6050,heat%20wave,"Crayford, London",@hollywarnexx mini heat wave apaz,1
8045,refugees,,Newlyweds feed thousands of Syrian refugees instead of hosting a banquet wedding dinner -  http://t.co/XZV0lT9ZZk via @smh,1
6436,injured,"Srinagar,Kashmir","Militants attack police post in Udhampur; 2 SPOs injured

Suspected militants Thursday  attacked a police post in... http://t.co/1o0j9FCPBi",1
5848,hailstorm,Calgary,Gotta love #summer in #Calgary. #yyc #hailstorm #crazyweather http://t.co/xQbWnLBBIu,1
10048,twister,STL ?NOLA,Wish I had a personal hair twister,0
3001,dead,Milton Keynes ,Can't believe Ross is dead???????? @emmerdale @MikeParrActor #Emmerdale #summerfate,0
3696,destroy,,@engineermataRAI ate mataas kc rating..but they did not think on doing like this they destroy the story along with the ratings,0
9481,terrorism,,Really cannot condemn an entire group based on the actions of a few.. A heart-warming unity against terrorism.. http://t.co/HHPvPaEL4n,1
6277,hijacking,Malaysia,The Murderous Story Of AmericaÛªs First Hijacking http://t.co/jmAwRLt7HB,1
1990,bush%20fires,,28 Oct 1895: 'Bush Fires.' http://t.co/zCKXtFc9PT,1
8346,ruin,,I ruin everything ????,0
8203,riot,,To All The Meat-Loving Feminists Of The World Riot Grill Has Arrived http://t.co/um3wTL5r7K #arts http://t.co/2LQyxZQ5DN,0
10249,volcano,,This LA Startup Is So Hot that Their Flowers Come Straight from a Volcano http://t.co/R3PDdjPiEe via @LATechWatch,0
2483,collided,Pakistan,SSP East says a car AEG 061 driven by a young man collided with Akram's carhot words were exchanged n he did firing in air1bullet hit tyre,1
5680,floods,Estados Unidos,Typhoon Soudelor approaches after 7 killed 2 missing in floods in Philippines http://t.co/nJMiDySXoF via @abc7chicago,1
9212,suicide%20bombing,Istanbul,INFOGRAPHIC: At least 20 Turkish security officials killed in PKK and ISIS terror attacks since Suruc suicide bombing http://t.co/UvAOJzcYcZ,1
1199,blizzard,,peanut butter cookie dough blizzard is ??????????????????????,0
2334,collapse,India,Ashes 4th Test: 10 Hilarious Twitter Reactions to Australia's collapse http://t.co/6DznEjuVD3 by @Absolut_Sumya15,0
126,accident,,Carolina accident: Motorcyclist Dies in I-540 Crash With Car That Crossed Median: A motorcycle rider traveling... http://t.co/p18lzRlmy6,1
8061,rescue,SF Bay Area,Don't Panik! #KelbyTomlinson to the rescue! http://t.co/hujvgsFLUs,0
8243,rioting,Dublin,New doco tonight at 9pm Setanta Sports Ireland freeview. The largest police presence at a soccer game in Ireland stop prevent the rioting,0
4888,explode,"Yamaku Academy, Class 3-4","Versions of KS where if a character was /every/ character world would explode.

Rin
Shizune
Misha
Emi
Kenji
Yuuko
Nomiya
Hisao",0
10076,typhoon,"Houston, TX",Global precipitation measurement satellite captures 3-D image of Typhoon Soudelor - @NASAHurricane http://t.co/iGCEtuMkcW,1
1657,bombing,,@snapharmony : Bells toll in Hiroshima as Japan marks 70 years since atomic bombing http://t.co/yPvvqZ8jzt,1
2463,collided,,I scored 111020 points in PUNCH QUEST stopped when a squeaky bat collided into my skull. http://t.co/aEtgbxm1pL,1
6141,hijack,"Kansas City, MO",0-day bug in fully patched OS X comes under active exploit to hijack Macs http://t.co/sbGiRvQvzb,0
10316,weapon,,only weapon im scared off is karma,0
1669,bombing,London,Japan marks 70th anniversary of Hiroshima atomic bombing: Bells tolled in Hiroshima on Thursday as Japan marked 70Û_ http://t.co/NBZiKcJpHp,1
3837,detonate,Worldwide,Apollo Brown - Detonate (Ft. M.O.P.) https://t.co/NlJVP3Vfyz #FIYA!,1
3875,detonation,,Ignition Knock (Detonation) Sensor ACDelco GM Original Equipment 213-924 http://t.co/HpZHe0cjvF http://t.co/SaOhVJktqc,0
10395,whirlwind,Canterbury kent,Only been back 10 &amp; a whirlwind has hit jaiden started open his present straight away didn't even get chance get in &amp; sit down lol,0
7691,panic,,just had a panic attack bc I don't have enough money for all the drugs and alcohol I wanted to buy this year let alone my fall bills,0
6265,hijacking,tokyo,#hot  Funtenna: hijacking computers to send data as sound waves [Black Hat 2015] http://t.co/gexHzU1VK8 #prebreak #best,0
2183,catastrophic, Bouvet Island,@APANO55 @JamesMelville 99% of Scientists donÛªt believe in Catastrophic Man-Made Global Warming only the deluded do.,1
10576,windstorm,"Friendswood, TX",TWIA board approves 5 percent rate hike: The Texas Windstorm Insurance Association (TWIA) Board of Directors v... http://t.co/esEMjRn5cC,0
2306,collapse,"Highland Park, CA",Time collapse is such a cool video technique.  https://t.co/upLFSqMr0C,0
3336,demolished,"Dublin, Ireland",Home2 Suites offices are coming to Salvi's Bistro site: The former Salvi's Bistro will soon be demolished to makeÛ_ http://t.co/PAObgHv3C7,0
1217,blizzard,,First Time Playing Hearthstone on PC Thoughts http://t.co/aBoLxMH1vy,0
9365,survived,Polmont ,Just burst out in actual tears of joy when Cain survived #SummerFate @emmerdale,0
5646,flooding,Jakarta/Kuala Lumpur/S'pore,Heavy Rainfall and Flooding in Northern #VietNam | Situation Report No.2 http://t.co/hVxu1Zcvau http://t.co/iJmCCMHh5G,1
7983,razed,,The Latest: More Homes Razed by Northern California Wildfire - ABC News http://t.co/x1xj0XVTj7,1
7157,mudslide,London,The 19 year old's smug face when Dorret brings out her mudslide Black Forest gateau #priceless #GBBO,0
2720,crushed,U.K.,Man crushed to death by own car http://t.co/CrPO9DkW9v,1
4952,exploded,,"that exploded &amp; brought about the
beginning of universe matches what's
mentioned in the versethe heaven and Earth
(thus the universe)",0
9526,terrorist,,Three Israeli soldiers wounded in West Bank terrorist attack - Haaretz http://t.co/u4gSBNU8wc,1
2948,danger,"Silver Spring, MD",investigate why Robert mueller didn't respond to my complaints since Nov 2011 &amp; just left me/son out her in danger http://t.co/pe2D3HCsNI,0
2277,cliff%20fall,,I hope they fall off a cliff.,0
1518,body%20bags,"southwest, Tx",Shoot shit up till we see body bags,0
10772,wreckage,Mumbai,Wreckage 'Conclusively Confirmed' as From MH370: Malaysia PM: Investigators and the families of those who were... http://t.co/2Jr3Yo55dr,1
9402,survivors,,Dear @POTUS In the name of humanityI apologized to #Hiroshima Survivors.R u ready to do so?#Japan #nuclearweapons http://t.co/TWykzN4rlC,1
8219,riot,,After all that time Riot should really make an official Satan Teemo skin http://t.co/TYtPBC4GWi,0
10464,wild%20fires,"Johannesburg, South Africa",They should just have load shedding permanently and we will all just live like we in the wild and have camp fires  cook with fire etc,0
9930,trouble,NYC,@annajhm @JCOMANSE @paul_staubs @rslm72254 @blanktgt You must've got in trouble ??that's why you have #Fartanxiety now????,0
3596,desolate,Manchester,Why are you feeling desolate? Take the quiz: http://t.co/E9yfe3p7P1 http://t.co/8gZbGMMaa1,0
10168,violent%20storm,Toronto,"Thunder pounds north goes black
a deep bruise on the sky's chest
wind cries its pain.  
A summer storm has a tough life
short violent.",1
10214,volcano,Earth,1.94 earthquake occurred 5km S of Volcano Hawaii at 01:04 UTC! #earthquake #Volcano http://t.co/auf4J4Owj1,1
1250,blood,,Bruh white people buy the ugliest shoes and they them super tight no blood going to there feet,0
724,attacked,,Christian Attacked by Muslims at the Temple Mount after Waving Israeli Flag via Pamela Geller - ... http://t.co/NhxSe3RTHX,1
4812,evacuation,,FAAN orders evacuation of abandoned aircraft at MMA: FAAN noted that the action had become necessary due to re... http://t.co/ZUqgvJnEQA,1
480,armageddon,The Orwellion police-state,Sadly How Windows 10 Reveals Microsoft's Ethics Armageddon http://t.co/sTfTjCrjEa,0
10483,wild%20fires,,My heart goes out to all those effected by the wild fires in Cali????,1
8012,refugees,"Aurora, Ontario ",Turkish newlyweds donate wedding money - what a beautiful gesture! Still have faith in humanity. http://t.co/o1eNHjrkJd,0
4255,drowning,"Chicago, IL",Family mourns drowning of 'superhero' toddler with rare epilepsy: Bradley Diebold suffered hundreds of epilepticÛ_ http://t.co/unsayJDTu7,0
8913,snowstorm,,"@dirk_trossen 

I've still got some of the snowstorm/hailstorm!",1
8393,sandstorm,USA,Watch This Airport Get Swallowed Up By A Sandstorm In Under A Minute http://t.co/mkWyvM3i8r,1
8361,ruin,,@savannahross_4 see tryna ruin my life,0
4961,explosion,New York,New Explosion-proof Tempered Glass Screen Protector Film for Blackberry Z10 - Full read byÛ_ http://t.co/ModqNaLWsB http://t.co/4C58oOaVhY,0
960,blaze,Durham N.C ,@GuiltyGearXXACP yeah I know but blaze blue dont have a twitter lol I drew this a few weeks ago http://t.co/sk3l74FLzZ,0
1975,bush%20fires,Queen Creek AZ,Ted Cruz fires back at Jeb &amp; Bush: ÛÏWe lose because of Republicans like Jeb &amp; Mitt.Û [Video] -  http://t.co/BFTHaHLCr0,0
2375,collapsed,Suplex City,@durrellb Prices here are insane. Our dollar has collapsed against the US and it's punishing us. Thanks for the info.,1
1154,blight,"Johannesburg, South Africa ",'If you are going to achieve excellence in big things you develop the habit in little matters....' dont know the author,0
8526,screaming,"Aveiro, Portugal","Hey there lonely girl
Did you have to tell your friends
About the way I got you screaming my name?",0
2682,crush,,Seriously have the biggest girl crush ever on Blake Lively,0
5446,first%20responders,USA,First Responders Convene for National Summit and Awards on GIS Technology http://t.co/0T9yd557rY #gisuserPR #geoTech,0
1753,buildings%20burning,somewhere over a rainbow,@DoctorFluxx @StefanEJones @spinnellii @themermacorn  No burning buildings and rob during a riot. That's embarrassing &amp; ruining this nation.,1
1826,burned,Massachusetts,@HGF52611 Uh huh. You only have to be burned once to know fire hurts. Robbie Ross should throw home run derby in the All Star Game #RedSox,0
470,armageddon,Nowhere. Everywhere.,@RohnertParkDPS You're another one for the history books! (Thank the Justice Department!) And by the way I haven't paid income tax in 20yrs.,0
2515,collision,"Arvada, CO",Motorcyclist bicyclist injured in Denver collision on Broadway: At least two people were taken to a localÛ_ http://t.co/WlmSQ3MTHO,1
1853,burned,,My sister Rl Burned All Her Boyfriend Clothes Recorded It &amp; Sent It to him ????,0
4794,evacuated,,@115Film Doctor we must leave immediately the Core is unstable...The whole building is told to be evacuated. Take the research. We need...,1
1919,burning,New York,2 Burning Man Tickets + Vehicle Pass - Full read by eBay http://t.co/b0eS3ZIORK http://t.co/juIIt2YFVo,0
3432,derail,Nairobi,25 killed as Kamayani Express Janata Express derail in Madhya Pradesh; ex gratia announced http://t.co/6SDTzSgElq,1
3975,devastation,Devon/London ,The devastation when you smash your phone ??????????????????????????,0
7342,nuclear%20reactor,"Bournemouth, Dorset, UK",@SnowyWolf5 @TheGreenParty Besides would you rather shut down a whole nuclear reactor for maintenance or a wind turbine at a time?,1
1079,blew%20up,,@DamnAarielle yo timeline blew up so damn fast,0
1619,bombed,My old New England home,I liked a @YouTube video http://t.co/FX7uZZXtE4 Benedict Cumberbatch Gets Video Bombed,0
8297,rubble,,@accionempresa ChinaÛªs stock market crash this summer has sparked interest from bargain hunt... http://t.co/gO0pkrFzMF @gerenciatodos å¨,0
7061,meltdown,Oldenburg // London,DFR EP016 Monthly Meltdown - On Dnbheaven 2015.08.06 http://t.co/EjKRf8N8A8 #Drum and Bass #heavy #nasty http://t.co/SPHWE6wFI5,0
3669,destroy,"The Citadel, Oldtown, Westeros",@Petchary but I can't say that either of us should be displeased. U.S move up five spots Jamaica 21! Congrats to the #ReggaeBoyz,0
6069,heat%20wave,USA,Heat wave in WB heavy losses and no compensations (report) -  http://t.co/wMDihdiz1r (via PalinfoEn)   #Palestine,1
1477,body%20bagging,EPTX,@SlikRickDaRula Drake really body bagging peeps man ?? he really bout it,0
2842,cyclone,,[Tropical Cyclone Info] SOUDELOR 945hPa maximum wind speed: 45m/s maximum wind gust speed: 60m/s  http://t.co/nBD5oT9iEW,1
3418,derail,District of Gentrification/ DC,This is how we know #AllLivesMatter people are incredibly racist and only care to derail necessary conversations,0
5519,flattened,Leicester,Zouma has just flattened him there ?? #CFC,0
9307,survive,"gaffney, sc ",how will I survive without dorrian,0
2582,crash,"Kenton, Ohio",@_chelsdelong12 @kendra_leigh13 I'll crash it,1
2045,casualties,UK,News Wrap: UN warns female and child casualties are on the rise in Afghanistan http://t.co/vSvY1qe69t #pbs #iraq,1
2538,collision,,"my favorite lady came to our volunteer meeting
hopefully joining her youth collision and i am excite http://t.co/Ij0wQ490cS",1
1908,burning,LiÌ¬ge,@Rubi_ How many stacks of burning did it apply?,0
717,attacked,London,Christian Attacked by Muslims at the Temple Mount after Waving Israeli Flag via Pamela Geller - ... http://t.co/wGWiQmICL1,1
2683,crush,,When you see your crush in the stands. (Vine by @KhadiDon) https://t.co/aSooPcYgwn,0
6418,hurricane,,HWRF absolutely lashes Taipei with Hurricane force winds High Storm Surge and 20' of rain. Not good news at all!!! http://t.co/CNkvILe7bE,1
4670,engulfed,Coventry,Do you feel engulfed with low self-image? Take the quiz: http://t.co/ykVsttvDWo http://t.co/IFQQpUr99X,0
6890,mass%20murder,Chattanooga TN,@MNPDNashville @MontalbanoNY sadly suicide by cop. Wed 2PM @ Dollar movie does not a mass murder make.,1
9602,thunder,,L B #Oklahoma #Thunder DURANT NBA ADIDAS OKLAHOMA CITY THUNDER YOUTH LARGE SWINGMAN JERSEY RETAIL $75 #NBA #Durant http://t.co/T81oayjoWC,0
1335,blown%20up,"801 SL,UT",Damn greinke got blown up in that first inning,0
10250,war%20zone,"nashville, tn ",Sitting still in the #CityofMemphis traffic is like sitting in a war zone! They don't move for the Police.. They don't care,0
2122,catastrophe,"New Brunswick, NJ",God bless catastrophe,0
1304,bloody,,You know how they say the side effects low &amp; really fast? Son the product was an acne cream.. Why 1 of the side effects was bloody diarrhea?,0
4503,emergency,,Emergency Flow  http://t.co/lH9mrYpDrJ mp3 http://t.co/PqhuthSS3i rar http://t.co/0iW6dRf5X9,1
4262,drowning,"Hendersonville, NC",#ICYMI #Annoucement from Al Jackson... http://t.co/7BevuJE5eP,0
3874,detonation,,Ignition Knock (Detonation) Sensor-Senso BECK/ARNLEY 158-1017 http://t.co/ryoByQJFCE http://t.co/LW9O2kDk18,0
5652,flooding,Jakarta/Kuala Lumpur/S'pore,Myanmar: MSF assisting thousands as worst flooding in decades hits parts of Myanmar http://t.co/PiJG5w2L2u,1
4765,evacuated,"Chicago, IL",Green line service on south side disrupted after CTA train derails passengers evacuated. http://t.co/6eZkoof2Xt http://t.co/faCM78eg7K,1
386,annihilation,,Please sign &amp; RT to save #SaltRiverWildHorses http://t.co/IKUAYUSEqt http://t.co/BQBHUyfmE9,0
6608,inundated,,@MistressPip I'm amazed you have not been inundated mistress.,0
4476,electrocuted,,I was blow drying my hair &amp; the cable caught on fire. I let go of it as soon as I realized. Just before I could get electrocuted ??,1
5675,floods,California,Floods Fishing Finally Sunshine &amp; Fab Deals from Albertsons Anniversary Sale |Lauren Paints | a beautiful life http://t.co/CwHSLMB8x9,0
1960,burning%20buildings,midwest,if firefighters acted like cops they'd drive around shooting a flamethrower at burning buildings,0
9164,suicide%20bomber,,Suicide bomber detonates in Saudi Arabia mosque 17 reportedly killed  http://t.co/xycKgxZv9s,1
6878,mass%20murder,,He made such a good point. White person comings mass murder labelled as criminal minority does the same thing... http://t.co/37qPsSnaCv,0
519,army,,VICTORINOX SWISS ARMY DATE WOMEN'S RUBBER MOP WATCH 241487 http://t.co/yFy3nkkcoH http://t.co/KNEhVvOHVK,1
7799,quarantine,PA,Reddit Will Now Quarantine Offensive Content http://t.co/u9BkQt6XHR,0
10808,wrecked,,"300K exotic car wrecked in train accident 
http://t.co/J49xEuj7Ps",1
10270,war%20zone,,#WorldWatchesFerguson #Florida @GovJayNixon @clairecmc How dare you turn our streets into a war zone -a war against CITIZENS?,1
9715,tragedy,,'you canÛªt research collective memory' The 1st Rule of writing diverse should be don't touch another group's tragedy https://t.co/PHFoEozYPS,0
6583,injury,Baltimore,Ngata on injury list at start of practice for Lions http://t.co/Z16DtoQHhG,0
7656,panic,The Internetz,Plane Panic What kind of douchebag. Bubble Gum,0
4385,earthquake,Desde Republica Argentina,#Sismo M 1.3 - 1km NNE of The Geysers California: Time2015-08-05 23:40:21 UTC2015-08-05 16:40:21 -07:00 a... http://t.co/x6el3ySYcn #CS,0
5540,flattened,,Would've been great if Mbiwa just flattened that little rat.,0
7006,mayhem,"Boston, MA",@alexbelloli I do It just seemed like the pages were out of order,0
5291,fear,,Love God more than you fear hell,0
5777,forest%20fires,"Portland, Oregon",Inciweb OR Update:  Rogue River-Siskiyou National Forest Fires  8/5/15 12:00 PM (Rogue River-Siskiyou NF AreaÛ_ http://t.co/LkwxU8QV7n,1
5301,fear,"Bremerton, WA",The Walking Dead spin off Fear the Walking Dead is on the 23rd ??????,1
2741,crushed,,#AyekoRadio play Brasswork Agency - Crushed and Shaken http://t.co/Qh5axvhWH5 #Radio #NetLabel #ElectronicMusic #listen #CCMusic,0
7184,mudslide,"Memphis, TN",Oso Washington Mudslide Response Interview ÛÒ Part 1 http://t.co/sbfGLQjZfs,1
4708,epicentre,,How a little studio in the middle of nowhere is becoming the epicentre of communication. http://t.co/iCRgseAGYA http://t.co/KpvYmHM2uB,0
9451,terrorism,"Salt Lake City, UT",Woman sneaks into airplane cockpit; terrorism not suspected http://t.co/1W58Ehv9S1 http://t.co/p8Ih0hni3l,1
7400,obliterated,New York,Obliterated,0
3334,demolished,Chicago,ÛÏ@SplottDave: @TeamPalestina That's about 28700 Palestinian homes demolished now by Israel since 1967 w/ 0 Israeli home demolished @POTUS,1
8540,screaming,nap queen,like little boy you better sit your ass down stop screaming at my mother stop pulling your hair &amp; crying like a 3 year old &amp; grow tf up,0
1234,blood,,Broke my nail(real not fake) this morning blood and all ah it hurts any ideas how to treat it? Help me pretty please ? -_-,0
2602,crash,"San Francisco, CA",'Crash Test' Trailer: Paul Scheer &amp; Rob Huebel's Comedy Special Recorded on a ... http://t.co/flSa8mlDSn,0
4270,drowning,South Korea GMT+9,"SometimesI can't even breathe well
I feel like drowning and can't deal with my fear
#anxietyproblems",0
3905,devastated,REPUBLICA DOMINICANA,(#LosDelSonido) Obama Declares Disaster for Typhoon-Devastated Saipan: Obama signs disaster declaration for Northern Ma...  (#IvanBerroa),1
6244,hijacking,Mongolia,#hot  Funtenna: hijacking computers to send data as sound waves [Black Hat 2015] http://t.co/J2aQs5loxu #prebreak #best,1
9702,tornado,Naperville,Illinois Tornado Slipped Under The Radar Emergency Officials Say http://t.co/P4KOfYtkdx,1
6978,massacre,Stay Tuned ;) ,@freddiedeboer @Thucydiplease then you have rise of Coates Charleston massacre Walter Scott and black twitter more broadly as well.,1
1464,body%20bagging,,@MzGracieBaby for the record im jumpin out the window early... i got @OfficialRealRap body bagging luck.. lol save the file,0
8892,snowstorm,"Dallas, TX",'Snowstorm' 36'x36' oil on canvas (2009) http://t.co/RCZAlRU05o #art #painting,0
49,ablaze,Est. September 2012 - Bristol,We always try to bring the heavy. #metal #RT http://t.co/YAo1e0xngw,0
9333,survive,,@adriennetomah how did people survive like that?!,0
9162,suicide%20bomber,United States,Suicide bomber 'hits Saudi mosque' http://t.co/kE6DjxAnmm,1
6617,inundated,,@BCFCTicketLady @Mr_Aamir_Javaid Can see you and inundated ATM so just wanted to say well done.  You are doing a grand job #KRO,0
1601,bombed,,@oooureli @Abu_Baraa1 You mean like the tolerance you showed when sharing 'democracy' with the Iraqis? Wait you mutilated and bombed them.,0
28,,,What a goooooooaaaaaal!!!!!!,0
8182,rescuers,,Fears over missing migrants in Med: Rescuers search for survivors after a boat carrying as many as 600 migrant... http://t.co/gx9sKUAu9J,1
9942,trouble,,@_charleyisqueen Yeah well maybe if the barber didn't cut my hair too short on top I wouldn't of gone through the egg trouble????,0
10795,wrecked,"Santa Cruz, CA","Israel wrecked my home. Now it wants my land. 
https://t.co/g0r3ZR1nQj",1
9496,terrorist,,Signing a petition to seek mercy on a death punishment for a convivted terrorist is a job well done in India. But asking a foreign govt 1/n,1
1263,blood,,Man . somebody gotta stop Sbee dude too fuckin funny blood,0
7180,mudslide,,British bake off was great pretty hilarious moments #mudslide,0
7793,police,Los Angeles ,.@slosheriff: 2 South Gate police officers and 2 Huntington Park officers arrested after child abuse investigation at boot camp,0
8473,screamed,,Not because i want to cheat or anything. Just feels good to vent to my twitter without a txt being screamed at lol,0
6880,mass%20murder,Realville,@FLGovScott We allow Farrakhan to  to challenge 10000 males to rise up &amp; commit mass murder as he just did in Miami? http://t.co/gV84WNhB7S,1
2564,crash,Liverpool,Party for Bestival crash victim Michael Molloy on what would have been his 21st http://t.co/BIkR8zzbhA,1
856,bioterror,US,FedEx no longer to transport bioterror germs in wake of anthrax lab mishaps http://t.co/pWAMG8oZj4,1
10112,upheaval,,R'lyeh by Upheaval http://t.co/829n4HJHOL,0
7542,oil%20spill,United Kingdom,LA Times: Refugio oil spill may have been costlier bigger than projected http://t.co/1ct0pUGZ69,1
8205,riot,World Wide Web,To All The Meat-Loving Feminists Of The World Riot Grill HasåÊArrived http://t.co/uDQA53KfQu,0
8298,rubble,,My parents are so impulsive sometimes. I remember coming home to my room filled with dust &amp; rubble just because they wanted it redesigned. ??,0
6391,hurricane,"Haiku, Maui, Hawaii",HURRICANE GUILLERMO LIVE NOAA TRACKING / LOOPING WED.AUG.5TH ~ http://t.co/ut7R2ixRjQ ~  http://t.co/v3z96YDMvD http://t.co/kxSLfTZ2I5,1
1113,blew%20up,USA/SO FLORIDA via BROOKLYN NY,The 1st time someone blew up my phone 30 times they would be blocked. Believe it.  #Catfish,0
8274,rioting,,RT : Why Sweden Isn't Venezuela: There have been a few days of rioting in Venezuela with the riots directed at grÛ_ http://t.co/GJfd85vuf2,1
3199,deluge,Newcastle upon Tyne,Here I'm the UK there isn't a deluge of Canadian themed tops around...The timing was perfect. I can't quite believe it. Mad.,1
2542,collision,60th St (SS),Head on head collision Ima problem and nobody can solve em on Long division,0
5960,hazard,,BREAKING: Arsenal's Hector Bellerin has been arrested for questioning regarding the disappearance of Eden Hazard.Û_ http://t.co/eCMJ18AzaI,0
2693,crush,,MEN CRUSH EVERY FUCKING DAY???????????????????????????? http://t.co/Fs4y1c9mNf,0
5487,flames,manaus,watching it go up in flames,1
9611,thunderstorm,Jupiter,#usNWSgov Special Weather Statement issued August 05 at 10:40PM EDT by NWS: ...STRONG THUNDERSTORM WILL IMPACT... http://t.co/TQ1rUQD4LG,1
8969,storm, New Delhi ,@johngreen storm and silence by @RobThier_EN,0
10498,wildfire,,Drones Under Fire: Officials Offer $75000 Reward Leading To Pilots Who Flew Over Wildfire http://t.co/d2vEppeh8S #photography #arts,1
10414,whirlwind,"Nairobi, Kenya",Whirlwind that has lasted for more than an hour and still strong. A standstill in parts of middle east.,1
2227,chemical%20emergency,,Google Alert: Emergency units simulate a chemical explosion at NU http://t.co/NDgpWYxu6H,0
9678,tornado,Los Angeles,Guys he can run so fast he creates a tornado WITHOUT BREAKING A SWEAT. He makes Superman look like a slowpoke. He can be a POC.,0
6700,lava,"Los Angeles, CA","Seriously these two tracks (one new one old) are amazing. Fond memories with TEARS.
https://t.co/sZ2RvwpWhj
https://t.co/laJx578DRu",0
3993,devastation,,#health #Newyear The anniversary of the devastation wrought by the first military use of an atomic weapon come...  http://t.co/yuo7jDnijx,1
7934,rainstorm,,@Calum5SOS you look like you got caught in a rainstorm this is amazing and disgusting at the same time,0
10484,wild%20fires,United States of America,Wild fires in California... Must be Global Warming. Can't just be extreme heat combined with dry foliage ignited by some douchebag hiker.,1
2282,cliff%20fall,livin life in the 610,I accidentally killed an 87 day snap streak and now I wanna accidentally fall off a cliff ????????????????????,1
7677,panic,518 åá NY,Savs contact fell out but she was convinced it didnt &amp; went on to guage her eyeball out &amp; now shes having a panic attack over caused damage,0
7095,military,,#3: TITAN WarriorCord 100 Feet - Authentic Military 550 Paracord - MIL-C-5040-H Type III 7 Strand 5/16' di... http://t.co/EEjRMKtJ0R,0
2866,damage,,Reusing advanced in life equipments in transit to drumming champaign damage: FdbDP,0
271,ambulance,Happily Married with 2 kids ,AMBULANCE SPRINTER AUTOMATIC FRONTLINE VEHICLE CHOICE OF 14 LEZ COMPLIANT | eBay http://t.co/UJrX9kgawp,0
10589,wounded,"Scottsdale, AZ",The whole food stamp gov. assistance program needs to be retooled for wounded veterans retirees and handicapped only.  #NoMoreHandouts,0
2832,cyclone,Beside Basketball,Talent: Misdirection Cyclone Pass Ignite Pass Vanishing Drive Phantom Shot  #KurokoBot,1
1702,bridge%20collapse,UK,Australia's Ashes disaster - how the collapse unfolded at Trent Bridge - Telegraph http://t.co/6FYnerMUsG,1
2416,collide,"Kansas, The Free State! ~ KC",That sounds about right. Our building will have a thunderstorm inside one day when the air masses collide. https://t.co/2rTQ9QmGPB,0
7502,oil%20spill,Amarillo,'California: Spring Oil Spill Estimate Grows ' by THE ASSOCIATED PRESS via NYT http://t.co/6Cx46E7QB7,1
2475,collided,Tennessee,On page 500 of 688 of After We Collided by Anna Todd http://t.co/Y7PetO0DX2,0
1091,blew%20up,Seattle,Hw18 going 90-100. Dude was keeping up with me. Took the same exit. Pulled to the side and told me he blew his motor. Lolol #2fast2furious,0
2836,cyclone,,1970 Mercury Cyclone GT Hood Moulding Very NICE CORE Cobra Jet 429CJ GT http://t.co/jOBVBvKFnZ http://t.co/C8zPmZhTDE,0
269,ambulance,,http://t.co/FCqmKFfflW Twelve feared killed in Pakistani air ambulance helicopter crash http://t.co/vAyaYmbNgu,1
6913,mass%20murderer,,White people I know you worry tirelessly about black on black crime but what are you going to do about your mass murderer problem?,1
8512,screaming,[@blackparavde is my frankie],@tyleroakley IM SCREAMING,0
6961,massacre,,"@KabarMesir @badr58 
Never dies a big Crime like RABAA MASSACRE as long the revolution is being observed.
#rememberRABAA",1
4825,evacuation,,. @VELDFest announces refunds after Day two's extreme weather evacuation: http://t.co/PP05eTlK7t http://t.co/3Ol8MhhPMa,1
4905,explode,,@Anonchimp think its a tie with thunderstorms tho they make my soul explode...,0
9264,sunk,"London, England",It still hasn't sunk in that I've actually met my Idol ????,0
10255,war%20zone,"Columbia, SC",Thank you to @scegnews! Our neighborhood looks like a war zone but we had power back in 4 hours!,1
10042,twister,Galapa / AtlÌÁntico,You are listening to LLEGASTE TU - TWISTER EL REY,0
10398,whirlwind,The Sun's Corona,It was a whirlwind love affair that began over back fat and grew into much more.,0
10088,typhoon,,Obama Declares Disaster for Typhoon-Devastated Saipan: Obama signs disaster declaration for Northern Marians after typhoon hits US territory,1
6088,hellfire,,Hellfire is surrounded by desires so be careful and donÛªt let your desires control you! #Afterlife,0
7588,outbreak,kano,Families to sue over Legionnaires: More than 40 families affected by the fatal outbreak of Legionnaires' disea... http://t.co/NQ77EfMF88,1
4359,earthquake,Earth,1.9 earthquake occurred 15km E of Anchorage Alaska at 00:11 UTC! #earthquake #Anchorage http://t.co/QFyy5aZIFx,1
4242,drowned,,So today I fell off a rock scraped my whole butt and nearly drowned #summer2k15,0
8286,rioting,The Weird Part of Wonderland,"people rioting everywhere and I think I'd be one of them.'

Usami-san &lt;3",1
8240,riot,,"@JWalkerLyle Discovered by @NickCannon 
 Listen/Buy @realmandyrain #RIOT on @iTunesMusic @iTunes https://t.co/dehMym5lpk Û_ #BlowMandyUp",0
7294,nuclear%20disaster,,Chernobyl disaster - Wikipedia the free encyclopedia don't you just love the nuclear technology it's so glorious  https://t.co/GHucazjSxB,1
9009,stretcher,,"How to Freeze Fruits and Veggies
http://t.co/MET0mtpr3S",0
7999,razed,,The Latest: More Homes Razed by Northern California Wildfire - ABC News http://t.co/6AcSWzo7cw,1
1297,bloody,65,@zhenghxn i tried 11 eyes akame ga kill and tokyo ghoul all damn bloody i dont dare watch????????,0
10720,wreck,"Gwersyllt, Wales",Don't think I Can take anymore emotional wreck watching @emmerdale #SummerFate @MikeParrActor @MissCharleyWebb,0
